Region,PolicyType,Channel,Amount,Tenure,PrevClaims,HasAddon,IsInsurable
North,Life,Online,2407.06,50,2,1,Yes
West,Home,Agent,1087.71,17,3,1,Yes
East,Life,Branch,1528.17,47,4,1,Yes
South,Life,Agent,1029.52,32,5,1,No
South,Health,Agent,1188.96,102,1,1,No
West,Life,Branch,1247.97,103,4,0,No
North,Health,Agent,1077.14,1,5,1,Yes
East,Health,Branch,1079.25,72,3,1,No
North,Home,Agent,1442.29,77,0,0,No
North,Life,Online,1013.31,45,1,0,Yes
East,Health,Agent,1836.85,56,1,1,No
West,Life,Online,1132.9,94,0,1,Yes
East,Home,Branch,2623.83,45,4,1,Yes
West,Life,Agent,1319.45,8,5,0,Yes
East,Auto,Agent,1528.81,45,3,0,Yes
West,Auto,Agent,981.86,31,3,1,No
East,Health,Agent,2182.44,46,4,0,Yes
North,Health,Online,1947.8,28,2,1,Yes
West,Life,Online,1618.77,18,2,1,Yes
South,Home,Agent,961.28,118,3,0,Yes
East,Health,Online,1584.27,16,1,1,Yes
South,Health,Branch,1051.43,85,0,0,Yes
North,Life,Online,2084.94,86,3,0,No
West,Health,Branch,1823.68,74,4,0,Yes
West,Home,Agent,1538.18,109,0,1,No
East,Life,Agent,525.45,1,1,1,Yes
South,Auto,Online,1106.63,36,1,0,No
West,Life,Agent,1775.1,22,4,1,No
East,Auto,Branch,1985.15,69,3,1,Yes
South,Home,Online,1943.67,76,3,1,Yes
South,Life,Online,863.19,107,3,1,No
North,Health,Agent,1620.62,46,1,1,No
North,Life,Online,1906.21,29,4,1,No
East,Health,Online,836.67,110,0,1,Yes
West,Health,Agent,1496.84,81,0,0,Yes
North,Home,Agent,1609.54,92,4,0,No
West,Auto,Agent,1379.69,53,3,0,No
West,Auto,Branch,759.14,54,1,1,Yes
South,Home,Branch,1369.72,47,2,1,No
East,Auto,Online,1369.08,90,0,1,No
North,Health,Agent,1440.77,26,4,0,Yes
West,Life,Online,1274.61,117,4,0,Yes
East,Life,Online,1322.8,21,1,0,Yes
South,Home,Online,1484.12,55,2,1,Yes
North,Life,Agent,1676.98,38,1,0,No
West,Life,Branch,1378.23,77,2,0,Yes
South,Life,Branch,1336.14,82,1,1,Yes
West,Home,Agent,1536.94,110,1,0,No
East,Home,Branch,731.63,94,2,1,No
West,Life,Online,1690.81,30,5,1,Yes
West,Auto,Branch,1499.77,25,4,0,Yes
North,Home,Branch,1515.88,106,1,0,Yes
South,Auto,Online,1884.29,59,5,0,No
South,Life,Agent,718.87,12,1,0,Yes
South,Health,Branch,710.47,99,5,0,Yes
North,Auto,Agent,1609.52,78,1,0,Yes
East,Auto,Branch,1497.15,4,3,0,Yes
North,Health,Branch,1568.07,94,1,1,No
East,Health,Agent,1315.15,73,4,0,Yes
East,Life,Online,1765.74,74,1,1,No
West,Home,Agent,1873.06,103,5,1,No
East,Life,Online,1693.59,59,0,0,Yes
South,Home,Agent,1395.67,55,3,1,No
West,Life,Agent,656.92,74,0,0,No
South,Auto,Agent,1807.69,24,5,1,No
South,Auto,Online,1988.69,19,2,0,Yes
West,Auto,Online,1757.82,101,4,1,Yes
South,Home,Branch,1148.14,26,5,1,Yes
North,Life,Online,1769.52,61,3,1,Yes
South,Auto,Online,1844.21,33,0,0,No
West,Home,Branch,2123.53,28,1,1,Yes
North,Auto,Online,1149.56,72,1,1,Yes
South,Life,Agent,1409.42,96,5,1,No
North,Health,Online,1798.91,53,5,1,No
East,Life,Online,1522.96,17,2,0,No
South,Health,Agent,1053.07,30,5,0,Yes
South,Health,Agent,1665.85,20,1,1,Yes
North,Life,Online,1731.46,106,4,1,Yes
East,Auto,Online,1535.19,39,2,1,No
East,Life,Online,1587.83,45,1,1,No
West,Health,Agent,1396.52,9,1,1,No
South,Health,Branch,2091.31,54,2,1,No
North,Home,Online,1139.72,109,2,0,Yes
West,Life,Online,1265.07,49,1,0,No
East,Home,Agent,1504.39,78,2,0,Yes
East,Auto,Agent,1851.58,22,0,1,Yes
North,Life,Online,901.05,18,5,1,No
South,Auto,Online,975.88,88,2,1,Yes
West,Auto,Agent,684.91,8,0,0,No
West,Health,Agent,1513.08,54,3,1,Yes
South,Auto,Agent,1052.68,38,5,1,No
West,Life,Online,1346.18,2,2,1,No
West,Home,Branch,1764.55,64,5,0,No
South,Auto,Agent,1243.38,115,3,0,No
West,Life,Agent,1592.51,9,4,0,Yes
South,Health,Online,1380.26,98,1,1,No
North,Home,Branch,1768.85,65,0,1,Yes
East,Health,Branch,1690.05,87,2,1,Yes
East,Health,Online,1223.23,12,5,0,No
North,Auto,Branch,1432.54,104,4,0,Yes
West,Life,Branch,1917.5,2,4,1,Yes
North,Home,Online,1657.35,108,5,0,Yes
West,Health,Branch,941.22,79,2,1,No
North,Life,Online,1762.25,41,1,0,No
West,Health,Online,1066.16,1,5,1,Yes
West,Health,Online,2065.01,73,3,1,No
West,Home,Agent,1909.64,11,1,1,No
East,Auto,Agent,1615.95,73,1,0,No
South,Home,Agent,1562.89,93,5,1,Yes
East,Life,Online,1416.39,32,0,1,No
South,Health,Online,1771.41,29,0,1,Yes
West,Home,Branch,1351.69,27,4,0,Yes
East,Life,Branch,1594.23,27,0,1,No
South,Life,Branch,1848.77,14,1,0,No
East,Life,Online,1275.28,30,5,0,Yes
East,Home,Branch,1253.52,79,2,1,No
North,Health,Branch,1022.25,36,4,1,Yes
North,Health,Agent,1074.21,93,2,0,No
North,Home,Online,768.64,98,0,0,No
North,Home,Branch,1791.93,91,1,1,No
South,Auto,Agent,2223.57,65,4,1,No
East,Home,Online,2070.13,38,0,0,No
East,Health,Online,849.57,111,3,1,No
South,Life,Agent,1789.94,25,2,1,No
West,Life,Online,2068.84,56,2,1,No
East,Auto,Online,1317.28,54,5,0,Yes
North,Health,Agent,1540.58,89,3,1,No
West,Auto,Branch,696.84,66,3,1,Yes
East,Health,Online,1606.69,96,2,1,No
East,Home,Agent,1074.58,110,2,1,Yes
East,Home,Branch,1579.85,47,4,0,Yes
East,Health,Branch,875.52,105,0,0,No
North,Home,Branch,1717.14,21,1,0,Yes
East,Life,Online,1909.81,110,3,0,No
West,Health,Branch,1186.73,22,3,0,No
South,Life,Branch,1045.23,102,0,0,Yes
East,Health,Online,637.59,47,4,1,Yes
North,Home,Agent,1393.43,115,3,1,No
South,Life,Agent,1267.36,16,1,1,Yes
South,Home,Agent,879.59,56,4,1,Yes
West,Health,Online,1681.21,108,5,0,Yes
North,Auto,Branch,1320.01,6,2,0,Yes
South,Auto,Branch,1069.71,32,1,0,Yes
South,Health,Agent,1278.17,10,1,0,Yes
West,Auto,Branch,1928.52,39,3,0,Yes
West,Life,Agent,1741.17,47,0,1,No
North,Life,Branch,1447.99,74,2,1,Yes
North,Health,Agent,1747.64,31,0,1,Yes
West,Health,Agent,1035.64,19,0,0,No
North,Health,Online,1512.95,21,2,1,No
West,Auto,Agent,1558.93,112,4,1,Yes
South,Home,Online,1312.07,114,5,0,No
West,Home,Online,1674.18,27,0,0,Yes
South,Life,Online,1187.83,24,1,1,No
South,Auto,Branch,1703.93,7,2,0,No
East,Home,Online,1720.74,115,3,1,No
North,Home,Branch,333.14,85,5,0,Yes
East,Auto,Branch,1976.12,91,4,0,Yes
East,Auto,Online,280.95,35,3,1,Yes
West,Home,Agent,1253.58,77,0,0,Yes
West,Auto,Agent,1910.14,8,0,0,Yes
East,Auto,Agent,1373.09,81,0,0,No
South,Home,Branch,913.53,69,3,0,Yes
South,Auto,Agent,1062.51,40,1,1,No
South,Health,Agent,1910.76,85,1,0,Yes
West,Auto,Agent,731.4,77,4,0,Yes
South,Home,Branch,1951.6,53,4,1,No
North,Home,Agent,1477.96,23,2,1,No
South,Life,Agent,1023.04,3,5,0,Yes
North,Health,Branch,1266.75,112,4,1,No
North,Life,Branch,1093.11,34,4,0,Yes
North,Home,Branch,1846.49,36,5,1,Yes
West,Home,Branch,1792.97,82,1,1,No
East,Home,Agent,812.34,31,4,1,Yes
East,Life,Branch,1338.56,45,5,0,No
South,Life,Online,1154.73,85,5,0,Yes
East,Life,Online,2017.4,71,3,1,No
North,Life,Agent,959.96,79,4,1,No
West,Health,Branch,2141.69,1,5,0,Yes
East,Health,Agent,1486.68,54,5,0,Yes
West,Life,Agent,1035.23,57,5,0,Yes
North,Home,Agent,1229.09,76,4,1,No
South,Home,Online,1179.35,19,2,0,No
East,Life,Agent,990.15,19,4,1,No
South,Home,Agent,1537.93,91,2,1,Yes
South,Auto,Agent,1008.83,81,4,1,Yes
North,Health,Agent,627.85,97,4,0,No
South,Home,Online,1348.13,33,5,1,Yes
North,Life,Branch,778.86,119,3,1,No
South,Life,Agent,1199.14,33,2,0,Yes
East,Home,Online,1136.36,78,0,1,No
East,Health,Agent,1151.51,20,3,1,No
East,Life,Agent,2300.39,110,3,1,No
South,Health,Online,1522.56,40,3,1,No
West,Auto,Online,1598.15,96,4,0,Yes
North,Health,Online,789.44,40,5,1,No
South,Health,Agent,1238.41,95,0,1,No
North,Health,Branch,1586.12,55,2,0,No
South,Auto,Branch,1090.19,8,4,1,Yes
West,Home,Agent,1863.23,23,4,0,No
South,Life,Branch,1018.92,82,4,1,No
West,Auto,Online,1385.45,23,4,1,Yes
South,Home,Branch,1265.58,33,5,0,Yes
East,Home,Agent,1565.73,65,5,0,No
South,Auto,Branch,1243.8,31,3,0,Yes
South,Auto,Branch,1391.64,16,1,1,Yes
West,Home,Agent,1405.55,75,3,0,No
West,Life,Online,1206.24,82,4,1,Yes
South,Auto,Agent,1694.04,88,0,0,No
West,Home,Branch,1595.36,113,4,1,No
South,Auto,Branch,1464.55,15,3,1,Yes
East,Health,Branch,1327.82,51,5,0,No
West,Home,Online,1818.62,28,1,1,Yes
South,Life,Agent,1405.67,108,5,1,No
East,Health,Online,1377.32,65,2,0,No
South,Life,Branch,1541.88,12,3,0,Yes
North,Health,Branch,2178.63,83,3,1,Yes
North,Home,Online,963.86,6,3,0,Yes
South,Life,Agent,1807.94,33,5,0,Yes
West,Home,Branch,742.73,86,1,1,Yes
North,Life,Branch,1586.91,61,4,1,No
South,Life,Agent,2130.03,91,5,0,Yes
East,Health,Online,1695.47,68,1,0,No
North,Health,Branch,1568.25,101,1,0,Yes
East,Home,Branch,1275.82,67,2,1,No
South,Life,Agent,1512.42,7,4,0,Yes
West,Health,Branch,1399.17,9,5,1,Yes
East,Life,Online,1185.61,93,4,1,No
East,Home,Agent,1384.05,5,4,1,Yes
North,Life,Online,1579.35,45,2,1,No
South,Home,Branch,1193.11,2,3,1,Yes
West,Auto,Branch,1177.49,37,1,0,Yes
North,Auto,Branch,955.9,71,2,0,No
West,Health,Agent,1656.29,21,1,0,No
South,Home,Online,1718.13,56,0,1,Yes
East,Auto,Online,1592.66,119,5,1,Yes
East,Home,Agent,1886.07,9,4,0,Yes
South,Health,Branch,1535.15,8,3,0,Yes
South,Home,Online,1656.8,33,0,1,Yes
East,Life,Branch,1621.53,99,0,1,No
North,Life,Online,1463.38,49,0,0,No
East,Health,Agent,1287.67,77,4,1,No
North,Life,Online,2385.66,5,1,1,Yes
East,Home,Agent,1319.22,88,1,1,No
East,Auto,Agent,1233.65,9,5,0,Yes
North,Auto,Online,1673.6,85,5,1,Yes
West,Life,Agent,1600.74,18,4,1,Yes
South,Life,Branch,938.08,103,1,1,No
West,Health,Branch,1949.07,36,3,0,Yes
North,Auto,Online,1462.32,22,1,1,No
North,Home,Branch,1055.63,41,5,1,Yes
South,Auto,Branch,1975.51,1,0,0,Yes
North,Auto,Branch,1750.27,20,4,1,Yes
South,Auto,Agent,994.18,72,3,0,Yes
East,Health,Branch,2210.87,36,4,1,No
North,Auto,Agent,1763.52,43,2,1,Yes
East,Life,Online,1495.92,97,0,1,No
North,Home,Online,2136.09,15,4,0,Yes
North,Home,Branch,1563.72,48,3,0,Yes
East,Health,Online,1488.77,23,2,1,No
West,Life,Agent,1235.88,58,2,0,Yes
North,Home,Branch,1732.74,40,2,1,No
South,Auto,Online,1690.64,6,2,1,Yes
West,Auto,Agent,1505.87,9,1,1,No
West,Life,Online,1184.01,102,1,1,Yes
East,Auto,Agent,1551.97,7,1,0,Yes
South,Health,Online,1472.08,94,0,1,No
South,Home,Branch,966.61,110,5,0,Yes
East,Life,Online,911.28,56,1,1,No
East,Auto,Branch,1726.06,38,0,1,No
South,Life,Branch,459.24,93,0,1,No
North,Health,Branch,1582.16,117,5,0,No
North,Home,Branch,1308.77,15,2,1,No
West,Auto,Online,2023.3,115,1,1,No
South,Life,Branch,1302.61,113,2,1,No
South,Home,Agent,1763.79,17,0,1,No
South,Home,Branch,1341.23,7,1,1,Yes
West,Home,Branch,1545.5,86,1,1,Yes
North,Auto,Agent,1794.73,10,4,1,No
North,Home,Agent,1314.98,72,0,1,No
South,Auto,Online,1898.62,8,2,1,Yes
South,Auto,Online,1102.52,83,4,0,Yes
East,Home,Agent,1617.84,28,5,0,Yes
South,Auto,Branch,1869.06,12,3,0,Yes
South,Home,Agent,1764.01,8,1,1,No
West,Life,Agent,2266.58,23,2,1,Yes
North,Auto,Online,1194.62,65,1,0,No
East,Auto,Agent,948.34,10,3,0,No
East,Auto,Agent,1102.27,96,1,1,No
South,Health,Branch,1764.18,72,3,0,Yes
West,Home,Branch,1699.17,36,3,0,No
South,Home,Agent,1540.9,118,5,0,No
West,Auto,Branch,1050.82,79,2,1,No
South,Home,Agent,1806.75,80,5,0,Yes
East,Home,Branch,1010.12,21,2,0,No
East,Home,Agent,1963.58,85,4,1,No
West,Health,Online,2642.98,67,3,0,Yes
South,Life,Agent,1646.58,118,4,0,Yes
South,Home,Online,1733.24,57,2,1,No
North,Life,Online,1302.86,81,4,1,No
South,Health,Branch,775.91,41,2,0,Yes
West,Home,Branch,1258.91,5,2,0,Yes
North,Auto,Online,1062.84,16,2,0,Yes
West,Home,Branch,921.2,104,4,1,No
East,Health,Online,2188.94,88,3,1,No
North,Auto,Online,1609.15,44,0,0,Yes
South,Life,Branch,1651.88,84,4,1,Yes
East,Home,Online,1376.39,1,4,1,Yes
South,Life,Branch,1430.85,5,0,0,No
North,Health,Branch,1885.82,61,5,0,No
East,Home,Online,1487.07,75,3,1,No
East,Auto,Online,1712.28,112,0,1,Yes
North,Health,Branch,1421.6,91,2,1,Yes
South,Home,Agent,1363.14,31,5,0,Yes
North,Auto,Agent,937.23,98,1,0,No
East,Life,Agent,708.9,59,5,0,No
East,Home,Agent,1395.38,99,2,0,No
East,Auto,Branch,1522.6,21,1,0,Yes
West,Home,Agent,985.55,4,2,0,No
West,Home,Online,1486.21,7,3,1,Yes
South,Life,Agent,1521.5,118,4,1,No
North,Health,Branch,637.6,10,5,1,No
East,Auto,Online,1133.95,112,1,1,No
West,Auto,Agent,1662.91,87,5,0,No
West,Health,Branch,1654.82,18,3,1,Yes
North,Auto,Agent,1038.53,103,0,0,No
North,Home,Online,1563.38,18,5,1,Yes
North,Auto,Online,1908.96,18,2,1,Yes
North,Auto,Agent,1810.83,69,3,0,Yes
East,Life,Agent,1461.89,35,4,1,Yes
East,Auto,Branch,1312.81,35,0,1,Yes
South,Auto,Agent,1248.26,24,1,0,Yes
South,Life,Branch,1687.13,73,4,0,No
West,Auto,Online,1578.04,4,1,1,Yes
South,Life,Agent,1751.76,30,0,0,Yes
West,Auto,Online,1552.75,66,0,1,No
West,Auto,Agent,1827.51,58,4,0,No
South,Auto,Online,1537.84,84,0,1,Yes
North,Health,Agent,1813.88,26,0,0,No
West,Health,Agent,1848.33,78,3,0,No
East,Home,Online,1178.19,91,0,1,No
South,Auto,Online,776.74,47,3,0,Yes
East,Auto,Agent,2117.4,31,3,1,No
East,Health,Branch,1602.66,67,3,0,Yes
West,Auto,Online,814.21,69,2,0,Yes
South,Health,Agent,1214.47,12,4,1,No
West,Health,Online,1808.75,68,3,0,No
West,Life,Branch,1388.13,19,2,0,No
North,Home,Agent,1295.18,68,0,1,Yes
North,Auto,Branch,2060.35,111,1,1,Yes
East,Home,Online,1081.09,64,0,1,Yes
North,Life,Online,1180.74,91,0,1,Yes
South,Health,Agent,1584.55,37,1,1,Yes
South,Health,Agent,1656.18,110,1,1,No
West,Home,Branch,1698.54,97,0,1,No
West,Auto,Branch,1864.5,110,1,0,No
North,Life,Branch,1579.43,89,3,1,No
West,Life,Agent,1695.75,78,1,0,Yes
North,Life,Agent,1396.32,63,1,1,No
East,Life,Agent,1525.08,111,0,0,Yes
West,Home,Online,1543.01,101,0,1,No
West,Home,Agent,1586.04,50,0,1,Yes
North,Auto,Agent,1809.02,11,2,1,Yes
West,Life,Online,1722.06,1,3,1,No
North,Health,Online,1517.69,28,4,0,No
East,Home,Agent,1176.35,8,3,0,No
South,Life,Agent,1527.07,26,3,0,No
South,Health,Branch,1488.79,14,5,1,Yes
North,Life,Agent,1577.27,117,1,1,No
West,Life,Branch,2382.61,12,4,0,No
South,Auto,Agent,1290.49,75,5,0,No
East,Home,Online,1668.92,42,3,0,Yes
South,Health,Online,1927.38,21,5,1,Yes
South,Life,Branch,1539.2,84,0,0,No
West,Auto,Agent,2435.14,116,5,1,Yes
North,Home,Online,1348.78,95,3,1,Yes
East,Health,Agent,1629.64,117,1,0,Yes
East,Life,Branch,1180.48,71,0,0,Yes
South,Auto,Agent,1359.39,81,4,1,Yes
South,Health,Online,1599.57,18,2,0,Yes
North,Home,Online,1838.52,102,1,1,Yes
West,Auto,Branch,1627.64,90,2,1,Yes
West,Health,Branch,2003.65,31,5,1,No
North,Home,Branch,1462.01,43,2,1,Yes
North,Health,Branch,1367.13,73,0,1,Yes
North,Home,Online,2581.59,2,1,0,No
North,Life,Online,1657.7,98,0,0,Yes
West,Auto,Online,1212.21,34,4,0,No
West,Life,Online,1222.29,9,4,1,No
North,Auto,Branch,1122.93,40,5,1,Yes
East,Health,Branch,1874.63,100,3,0,No
North,Home,Online,1354.25,33,4,0,Yes
South,Home,Branch,1550.94,65,2,1,Yes
East,Auto,Agent,1474.6,97,3,0,Yes
East,Health,Online,1792.6,5,0,1,Yes
West,Auto,Branch,1161.3,91,3,1,Yes
North,Health,Branch,1069.77,35,3,0,No
North,Health,Agent,1589.72,83,0,0,Yes
South,Life,Branch,1740.38,23,3,0,Yes
South,Health,Agent,1633.01,17,4,1,Yes
West,Home,Branch,1176.22,94,2,0,Yes
West,Health,Agent,1770.99,97,3,0,Yes
South,Life,Branch,1202.46,117,1,1,Yes
West,Home,Online,1291.38,81,1,0,Yes
South,Auto,Online,1122.42,56,0,1,Yes
East,Life,Branch,2020.46,24,1,0,No
South,Auto,Online,1753.37,36,4,0,No
North,Health,Online,1742.0,78,5,0,No
West,Auto,Branch,1998.88,42,3,0,Yes
North,Auto,Online,2625.06,58,3,0,No
North,Life,Agent,816.31,20,3,1,No
North,Auto,Online,1204.65,53,2,0,Yes
South,Health,Online,1253.53,29,2,1,Yes
North,Health,Branch,1159.67,14,3,1,Yes
North,Auto,Online,1068.97,16,4,1,Yes
East,Auto,Online,1380.14,62,2,1,Yes
West,Life,Branch,1013.36,44,3,0,Yes
North,Health,Branch,1634.02,12,2,0,Yes
South,Auto,Online,1520.68,62,1,1,Yes
East,Life,Branch,1692.41,20,1,1,No
West,Home,Agent,1703.09,2,0,0,No
East,Auto,Branch,1741.2,16,2,1,Yes
West,Life,Online,1350.64,54,4,1,Yes
East,Auto,Branch,2348.46,114,4,1,Yes
South,Health,Agent,1593.77,29,5,0,No
North,Life,Branch,755.01,34,0,0,No
West,Health,Agent,1099.05,29,4,0,Yes
West,Health,Branch,803.8,43,4,0,Yes
North,Home,Agent,1506.93,86,2,0,No
East,Auto,Online,1451.28,39,1,0,No
North,Health,Branch,1312.63,79,2,0,No
East,Life,Branch,2304.37,107,4,0,No
West,Auto,Online,1719.59,113,5,0,Yes
North,Life,Agent,1790.44,67,3,0,No
South,Home,Agent,1127.57,85,3,0,Yes
North,Health,Agent,1100.34,110,3,1,No
East,Auto,Branch,1514.72,94,0,1,No
West,Health,Branch,1569.2,36,3,1,Yes
North,Auto,Online,757.48,16,0,1,No
South,Home,Branch,1427.88,14,5,0,Yes
West,Health,Agent,1505.63,105,5,1,Yes
South,Auto,Branch,1413.94,67,3,0,Yes
North,Home,Branch,1174.64,36,2,1,No
South,Health,Agent,1284.19,42,4,0,No
East,Auto,Agent,1429.26,34,3,0,Yes
East,Home,Agent,1536.32,96,4,0,No
South,Home,Branch,1741.92,73,3,0,No
West,Health,Agent,1932.34,105,1,1,No
East,Life,Online,1382.26,36,0,1,No
South,Life,Agent,1317.54,57,1,0,No
West,Auto,Online,1675.06,15,3,0,No
West,Auto,Agent,1744.34,116,2,1,Yes
South,Auto,Online,1326.32,61,3,1,No
North,Health,Online,1816.16,66,1,1,Yes
East,Auto,Branch,1891.83,50,5,1,No
East,Auto,Online,2016.67,33,2,1,No
North,Life,Agent,2211.33,113,5,1,Yes
East,Life,Branch,1153.43,59,2,1,No
West,Life,Branch,1505.56,81,2,0,Yes
North,Home,Agent,1504.51,5,3,1,Yes
East,Health,Online,1460.77,33,1,0,Yes
North,Health,Branch,1240.29,96,1,0,No
East,Auto,Branch,905.78,11,2,1,Yes
South,Health,Agent,1537.07,13,4,0,Yes
North,Health,Online,1192.66,97,0,1,No
West,Home,Online,1534.4,37,2,1,Yes
North,Life,Online,1182.38,33,4,0,Yes
East,Health,Online,1060.14,68,4,0,No
North,Health,Branch,1593.72,24,2,1,No
West,Health,Online,1560.37,6,0,1,No
East,Life,Online,1731.71,1,0,1,No
West,Health,Branch,2374.35,10,2,0,No
South,Home,Branch,1610.92,19,4,1,Yes
South,Life,Online,1694.03,83,0,0,Yes
East,Health,Agent,1068.98,36,5,0,Yes
West,Life,Agent,985.24,9,4,0,No
West,Auto,Agent,2133.13,2,0,0,Yes
North,Home,Branch,1130.61,57,2,1,No
East,Life,Branch,1082.42,100,1,1,No
North,Health,Branch,1484.36,41,5,0,Yes
South,Life,Online,1463.92,8,3,1,No
West,Auto,Online,1139.0,28,1,0,No
South,Auto,Agent,1378.01,60,1,1,Yes
West,Life,Online,1991.75,23,3,0,Yes
South,Home,Agent,1177.6,117,0,0,Yes
North,Health,Online,942.53,91,1,1,No
South,Home,Branch,1877.04,42,0,1,Yes
East,Home,Online,1696.92,114,3,1,Yes
West,Life,Online,1251.79,39,4,1,No
East,Auto,Online,867.13,17,2,0,Yes
West,Life,Online,1202.15,112,0,0,No
West,Life,Agent,1478.12,115,2,1,Yes
West,Health,Agent,1966.27,38,5,1,No
East,Home,Branch,1085.37,71,1,0,No
South,Auto,Online,1466.19,21,0,0,Yes
South,Health,Agent,1770.06,77,0,1,Yes
North,Home,Agent,547.49,83,4,0,No
South,Auto,Agent,1913.51,85,0,0,No
West,Home,Branch,1027.02,68,3,1,Yes
South,Life,Online,1632.8,84,5,0,Yes
North,Home,Agent,1598.67,67,3,0,Yes
East,Auto,Branch,1933.83,98,2,1,No
West,Health,Branch,1720.37,22,1,0,No
West,Auto,Agent,549.08,58,0,1,Yes
South,Life,Agent,1186.09,50,0,1,Yes
South,Life,Branch,1555.28,64,5,0,No
East,Life,Agent,1422.01,17,0,1,No
North,Life,Branch,1691.04,39,0,1,Yes
South,Auto,Online,1815.75,114,4,0,Yes
North,Auto,Agent,1743.38,13,2,1,Yes
West,Home,Online,1414.29,76,2,0,No
East,Home,Online,761.47,80,4,0,No
West,Life,Agent,1317.81,57,3,1,No
West,Health,Online,1666.55,4,5,1,No
West,Health,Agent,1063.82,5,2,1,Yes
North,Life,Agent,1752.51,33,4,1,Yes
West,Health,Agent,1863.36,13,5,1,Yes
North,Home,Branch,1550.75,12,2,0,No
South,Home,Branch,274.49,20,1,0,No
East,Health,Agent,988.76,23,5,1,Yes
South,Auto,Online,2254.48,100,1,1,Yes
North,Health,Branch,1281.38,77,0,0,No
North,Health,Online,706.34,4,3,0,No
West,Health,Agent,1994.1,75,5,1,No
South,Health,Agent,1505.34,17,0,0,Yes
South,Life,Online,1941.98,51,5,0,No
West,Life,Agent,1610.78,5,4,1,No
North,Health,Online,1683.42,11,5,0,No
West,Home,Online,1645.2,16,2,1,No
West,Auto,Agent,1779.0,52,1,1,No
East,Life,Online,2410.97,56,3,1,No
North,Life,Branch,1888.4,42,0,1,No
North,Health,Online,867.86,74,5,1,No
South,Life,Agent,1678.66,86,3,1,Yes
East,Life,Branch,1956.59,87,2,0,No
North,Life,Online,1981.08,69,3,1,No
South,Health,Branch,1329.36,65,4,1,Yes
North,Auto,Branch,1965.98,59,3,0,Yes
East,Auto,Branch,1871.1,29,5,0,No
North,Auto,Online,2529.01,58,5,0,No
East,Home,Branch,1200.0,2,5,0,No
North,Health,Branch,1297.04,115,3,0,No
North,Home,Branch,1377.55,45,4,1,No
North,Auto,Online,1303.91,90,1,0,No
West,Auto,Branch,1143.99,114,0,0,Yes
North,Life,Online,394.93,60,2,0,Yes
South,Life,Agent,1326.12,103,5,0,No
East,Home,Agent,1647.74,58,0,1,Yes
East,Life,Agent,1302.71,16,3,0,No
East,Health,Agent,2274.15,4,1,1,No
West,Life,Online,1505.35,17,2,0,No
South,Life,Agent,2016.41,113,0,0,Yes
West,Health,Branch,1604.57,57,4,1,No
South,Home,Agent,1830.56,38,4,0,Yes
West,Health,Online,1611.7,54,4,1,No
East,Home,Branch,2047.51,31,4,1,Yes
East,Home,Online,1522.38,104,1,1,No
West,Health,Agent,1698.45,119,3,0,No
West,Health,Agent,1646.53,11,0,0,Yes
West,Health,Agent,1384.69,86,2,0,Yes
East,Home,Branch,1661.99,40,3,0,No
North,Home,Agent,2393.75,6,4,0,Yes
South,Auto,Branch,1391.84,110,0,1,Yes
North,Health,Online,1667.79,8,4,0,No
West,Health,Branch,2003.11,25,2,1,No
North,Life,Agent,1956.1,4,5,0,No
North,Health,Online,1504.69,57,3,0,No
North,Home,Online,546.64,72,3,1,No
East,Auto,Branch,1706.68,39,4,0,Yes
East,Auto,Agent,612.21,9,4,0,Yes
West,Home,Agent,2087.97,14,0,1,Yes
South,Home,Online,1567.79,112,3,1,Yes
South,Home,Agent,1899.87,96,0,1,Yes
North,Home,Branch,1139.16,112,2,1,No
North,Life,Online,879.0,64,4,1,Yes
South,Auto,Agent,1604.3,65,5,1,No
West,Home,Agent,1486.56,94,1,1,Yes
East,Auto,Branch,1303.38,74,2,0,Yes
West,Home,Online,1533.86,52,3,1,Yes
North,Health,Agent,2606.97,35,2,0,No
North,Auto,Branch,1833.81,58,1,0,No
West,Home,Online,1919.8,8,1,0,Yes
North,Auto,Branch,1837.57,23,2,1,Yes
North,Life,Branch,2091.78,88,3,0,Yes
South,Health,Branch,1423.97,104,5,1,No
West,Auto,Agent,678.1,13,3,0,Yes
East,Auto,Branch,1424.57,12,2,1,No
North,Auto,Branch,1824.69,11,3,1,Yes
West,Home,Branch,1112.08,95,4,1,Yes
West,Life,Agent,1429.45,38,2,0,No
West,Health,Agent,1223.29,39,2,1,Yes
West,Life,Agent,2100.81,2,1,0,Yes
North,Home,Online,1799.78,116,5,1,No
West,Home,Branch,1760.62,52,5,0,Yes
South,Home,Branch,1748.64,95,1,1,No
West,Auto,Agent,1485.1,85,2,1,Yes
East,Life,Online,1579.02,17,1,1,No
West,Auto,Agent,1025.93,96,5,1,No
East,Home,Agent,625.42,66,0,0,Yes
East,Health,Agent,1560.03,72,1,1,No
East,Auto,Branch,1629.6,24,1,0,No
West,Home,Branch,1983.71,101,3,1,No
East,Home,Branch,2128.53,111,1,0,No
North,Home,Branch,2128.0,49,3,1,No
West,Auto,Branch,1100.79,12,4,1,Yes
East,Auto,Agent,1359.09,102,4,1,Yes
South,Auto,Agent,1692.13,106,0,1,Yes
East,Home,Agent,2512.76,61,0,0,No
West,Auto,Agent,2092.04,69,0,1,Yes
West,Life,Branch,1947.76,27,5,1,No
West,Auto,Agent,1344.88,9,3,1,Yes
South,Health,Agent,1146.72,113,3,1,No
West,Health,Online,1815.56,58,4,1,Yes
South,Home,Branch,1059.74,33,3,0,No
East,Life,Agent,1404.63,83,1,1,Yes
East,Auto,Agent,1454.09,4,3,1,Yes
North,Auto,Agent,2137.16,10,4,1,No
South,Home,Online,1358.12,29,0,0,No
North,Auto,Agent,524.3,54,3,1,No
North,Home,Branch,1701.78,44,2,1,No
South,Home,Agent,1220.39,23,0,0,Yes
South,Life,Online,1517.05,42,1,0,No
North,Home,Agent,1465.32,40,2,0,Yes
South,Life,Online,1390.52,63,2,1,No
East,Life,Agent,1816.14,67,1,0,No
North,Life,Agent,886.85,106,3,1,Yes
South,Auto,Online,1293.19,97,2,1,Yes
South,Life,Branch,1773.62,35,2,0,No
East,Health,Online,1254.37,108,4,0,Yes
South,Life,Branch,856.48,62,0,0,No
East,Home,Branch,1767.42,23,2,1,No
South,Life,Online,1949.24,41,0,0,Yes
South,Health,Agent,1482.0,89,5,0,No
South,Auto,Online,715.66,98,1,0,Yes
North,Home,Online,1782.39,45,4,0,Yes
East,Auto,Branch,836.04,19,1,1,No
North,Life,Branch,1623.52,23,1,1,Yes
South,Home,Online,1145.01,13,3,0,Yes
West,Auto,Online,1036.06,84,4,0,No
West,Health,Online,1323.24,60,1,0,Yes
East,Home,Agent,1426.68,54,1,1,No
West,Auto,Online,1242.32,80,5,0,No
West,Life,Online,1735.48,99,1,1,Yes
South,Life,Agent,1321.57,95,1,1,No
West,Health,Online,1892.08,17,4,0,Yes
South,Health,Branch,1612.47,71,0,0,No
South,Home,Branch,1220.98,106,5,0,Yes
East,Health,Branch,1153.62,93,5,1,No
West,Health,Online,841.0,40,5,0,Yes
West,Auto,Branch,1616.29,47,1,0,No
South,Auto,Branch,1358.16,106,0,0,Yes
East,Home,Online,551.12,4,2,0,Yes
North,Home,Branch,1285.71,63,2,0,No
West,Auto,Agent,1139.59,14,5,1,Yes
East,Auto,Branch,2130.27,107,3,0,No
East,Life,Agent,818.89,5,5,0,Yes
West,Home,Branch,923.46,3,4,0,Yes
East,Health,Online,1943.99,40,4,1,Yes
North,Health,Agent,2042.71,24,0,0,Yes
South,Health,Online,1202.01,59,0,0,No
North,Health,Online,1247.17,36,0,0,No
East,Home,Online,1746.49,43,3,1,No
North,Life,Agent,569.16,68,1,1,Yes
North,Home,Online,755.52,67,5,1,No
East,Life,Branch,1387.71,112,0,1,No
East,Home,Agent,2119.96,58,5,1,Yes
East,Auto,Branch,1325.71,68,4,0,No
West,Life,Branch,1540.37,81,0,0,Yes
West,Auto,Online,1953.52,21,0,0,Yes
North,Life,Online,2342.75,80,2,1,No
West,Auto,Agent,1269.26,103,2,1,Yes
East,Auto,Agent,1493.27,38,1,1,No
East,Health,Online,2228.82,22,3,1,Yes
North,Life,Branch,891.12,42,0,0,Yes
East,Home,Agent,1911.03,33,0,0,Yes
East,Auto,Branch,1092.67,70,4,0,Yes
East,Auto,Online,1540.99,103,5,1,No
North,Life,Branch,1402.95,71,1,1,Yes
East,Health,Online,1116.8,15,5,0,No
West,Auto,Agent,1106.76,38,2,0,No
East,Home,Agent,1610.57,83,2,1,No
North,Home,Branch,1898.22,40,0,1,Yes
West,Auto,Online,1448.11,70,2,1,Yes
West,Life,Online,1528.05,83,2,1,No
North,Health,Agent,1728.47,40,3,0,No
West,Auto,Agent,1111.35,78,0,0,Yes
South,Health,Online,1795.88,48,1,1,No
East,Home,Online,1827.74,17,2,1,No
South,Auto,Online,2541.45,45,0,1,Yes
West,Home,Agent,1349.56,53,0,1,Yes
West,Auto,Agent,1316.77,1,3,1,No
West,Auto,Agent,1807.59,107,5,0,Yes
West,Life,Branch,1827.64,63,3,0,Yes
West,Health,Online,1285.97,5,0,1,Yes
North,Auto,Branch,1338.73,104,5,1,No
South,Life,Branch,1716.45,102,3,0,Yes
East,Health,Online,1168.97,2,4,1,Yes
East,Life,Online,1335.79,20,1,0,No
North,Health,Online,1535.84,44,3,0,No
North,Home,Online,1898.38,61,0,1,No
East,Health,Agent,1258.16,87,3,1,No
East,Health,Online,763.05,51,1,0,No
North,Health,Online,733.36,73,5,0,Yes
North,Auto,Agent,996.23,2,0,1,No
North,Home,Branch,974.73,79,3,1,No
East,Auto,Online,1438.16,109,0,0,Yes
North,Home,Branch,1024.45,63,4,1,No
East,Auto,Agent,1218.9,55,2,0,No
South,Auto,Branch,1190.37,36,5,1,Yes
South,Life,Online,1323.8,114,3,0,No
East,Auto,Agent,2029.0,4,2,1,No
East,Life,Branch,1764.78,35,0,1,Yes
East,Auto,Online,1506.45,17,3,1,No
West,Life,Branch,1315.59,104,2,1,Yes
West,Home,Agent,1326.71,58,0,1,Yes
West,Health,Agent,1631.1,110,3,1,No
East,Home,Agent,1733.67,80,1,1,No
South,Home,Agent,1136.95,67,1,1,No
North,Home,Online,1514.59,62,0,1,No
East,Health,Branch,687.35,25,2,1,No
North,Home,Agent,1584.69,67,1,1,No
West,Health,Branch,1804.86,82,0,1,No
West,Life,Agent,1387.97,115,2,0,No
North,Home,Agent,2226.61,66,1,1,No
West,Home,Agent,1147.5,112,0,0,No
North,Auto,Branch,1586.98,113,2,1,Yes
East,Home,Branch,1485.67,63,0,0,Yes
North,Auto,Branch,1459.88,53,5,1,Yes
South,Auto,Agent,1454.27,17,2,0,Yes
East,Life,Branch,1542.84,32,5,1,No
East,Auto,Agent,1839.18,105,5,1,No
South,Home,Agent,2051.09,17,5,0,Yes
West,Life,Branch,1499.1,48,3,1,Yes
West,Life,Online,1826.13,84,2,0,No
North,Auto,Branch,1219.29,29,4,1,Yes
East,Auto,Online,1806.38,116,0,1,No
East,Home,Agent,1195.2,78,5,0,No
South,Health,Agent,1936.26,4,1,0,Yes
East,Life,Agent,2384.26,30,0,0,Yes
West,Auto,Agent,1451.17,89,1,0,No
West,Auto,Agent,622.98,103,1,0,Yes
West,Home,Agent,1280.77,111,0,1,No
East,Life,Agent,1992.75,102,4,1,Yes
South,Auto,Agent,1721.23,9,0,0,Yes
West,Home,Branch,1599.57,87,5,0,No
South,Auto,Agent,1903.47,14,2,0,Yes
East,Auto,Agent,1693.78,10,4,1,Yes
South,Life,Branch,1987.09,83,2,0,No
South,Auto,Branch,1867.77,57,0,0,No
North,Home,Online,2108.68,78,1,0,Yes
West,Life,Branch,1643.52,102,3,0,Yes
North,Health,Online,1862.1,9,4,1,No
North,Auto,Online,1377.15,63,1,0,No
West,Home,Branch,1259.42,100,2,1,No
East,Life,Online,2182.71,53,5,1,No
South,Home,Branch,1586.48,63,5,1,No
East,Health,Branch,1821.95,60,2,0,No
South,Health,Branch,1549.5,108,1,1,Yes
North,Health,Branch,1265.39,6,1,0,No
East,Auto,Branch,1504.39,105,3,1,No
North,Life,Online,2074.4,98,3,1,No
East,Life,Branch,1722.1,97,1,0,No
West,Auto,Online,815.41,50,0,1,Yes
West,Life,Online,1413.9,62,2,1,No
South,Life,Online,2212.92,44,4,1,Yes
West,Health,Agent,1414.48,30,0,0,Yes
East,Home,Branch,779.81,105,2,1,No
South,Home,Online,2257.22,61,0,0,No
North,Life,Branch,1772.96,87,1,0,Yes
South,Auto,Agent,1471.99,12,3,1,Yes
East,Life,Agent,1351.43,94,1,0,No
West,Life,Branch,1932.94,79,1,1,No
North,Health,Agent,1283.21,119,5,0,No
East,Home,Agent,1959.3,16,1,0,No
West,Health,Branch,1716.88,65,1,0,No
West,Auto,Agent,1597.87,61,5,1,Yes
South,Life,Agent,1558.21,65,3,1,Yes
North,Home,Online,1430.01,7,0,0,No
South,Auto,Online,1918.26,57,2,1,No
West,Life,Online,1153.86,36,3,0,Yes
West,Health,Online,851.23,74,1,1,No
East,Health,Online,1745.78,28,3,0,Yes
North,Auto,Branch,1752.5,52,3,1,No
North,Life,Online,1692.1,74,1,0,No
South,Health,Agent,1663.09,8,4,0,No
East,Life,Branch,1371.78,94,2,1,Yes
North,Life,Branch,1814.99,86,5,1,No
East,Auto,Agent,1481.78,7,0,0,Yes
East,Auto,Online,1305.15,8,1,1,No
North,Life,Branch,1375.24,102,4,1,No
North,Health,Online,2308.26,34,5,0,Yes
South,Home,Branch,806.01,103,1,0,No
East,Home,Branch,1699.92,60,5,1,No
West,Health,Online,828.36,41,1,1,No
South,Life,Branch,1456.71,33,2,1,Yes
South,Auto,Online,1326.55,79,1,1,Yes
West,Health,Online,665.99,14,2,1,Yes
South,Life,Branch,1655.62,48,5,1,No
South,Home,Branch,1347.98,42,4,1,No
South,Home,Online,660.32,19,4,0,Yes
North,Life,Branch,1835.83,42,1,1,No
South,Auto,Branch,2074.0,63,5,1,No
East,Home,Branch,2096.05,81,2,0,No
West,Home,Online,1643.58,11,3,1,Yes
East,Life,Online,1518.42,104,4,1,Yes
West,Auto,Branch,2031.26,105,3,0,Yes
East,Home,Branch,2172.95,83,3,0,Yes
North,Auto,Branch,1953.43,110,2,0,Yes
South,Life,Agent,1123.38,51,3,0,Yes
West,Health,Online,1580.54,98,5,0,Yes
North,Home,Branch,1675.81,87,2,0,No
West,Home,Online,776.15,67,3,0,Yes
East,Auto,Agent,1687.74,22,1,0,No
South,Life,Branch,2409.2,67,2,0,Yes
West,Health,Agent,1755.97,108,4,1,No
West,Home,Online,2089.37,118,3,0,Yes
North,Home,Online,1573.17,54,1,1,No
North,Health,Agent,1470.71,30,3,0,No
East,Health,Branch,1652.51,89,4,1,No
West,Home,Agent,1173.67,10,0,1,No
North,Home,Branch,1114.49,18,0,1,Yes
East,Health,Online,2006.52,67,2,0,No
North,Health,Branch,2048.94,118,3,1,Yes
East,Health,Branch,1103.56,40,1,0,No
East,Auto,Agent,1887.2,53,4,0,Yes
North,Home,Branch,1465.22,39,5,1,No
East,Health,Agent,1635.92,53,3,0,No
West,Life,Agent,1684.09,1,2,0,No
West,Health,Branch,1897.74,71,0,1,No
North,Home,Branch,1533.09,71,4,0,Yes
North,Health,Branch,2064.06,38,5,1,Yes
North,Auto,Online,1623.77,32,2,0,No
South,Auto,Branch,1749.67,91,3,0,No
North,Health,Online,1166.69,23,4,0,Yes
West,Life,Agent,2363.46,6,4,0,No
West,Life,Agent,1687.93,5,0,0,Yes
West,Health,Agent,1785.2,105,4,0,Yes
North,Auto,Branch,856.73,44,5,0,Yes
North,Life,Branch,1170.92,13,4,0,Yes
West,Home,Online,1995.15,105,2,0,Yes
South,Home,Online,1614.76,18,3,1,No
East,Life,Online,734.49,41,1,1,Yes
West,Health,Branch,1915.32,3,3,1,No
North,Health,Agent,1282.49,81,1,1,No
North,Home,Branch,2064.53,84,2,0,No
North,Life,Branch,1464.87,91,1,0,No
North,Home,Branch,1581.88,32,2,1,No
North,Health,Online,1971.58,40,2,0,Yes
West,Life,Online,1141.0,112,0,1,No
East,Health,Agent,1102.86,98,4,0,No
West,Auto,Agent,1421.4,5,2,0,No
West,Home,Branch,1830.87,83,5,1,Yes
West,Home,Online,967.65,97,1,1,No
North,Life,Agent,832.79,67,4,1,No
South,Health,Online,1829.49,77,1,0,No
West,Home,Online,1258.81,1,3,0,No
North,Health,Online,1343.11,4,2,1,Yes
North,Health,Online,757.28,5,2,0,Yes
East,Home,Agent,1228.41,19,3,1,No
West,Home,Agent,1496.97,118,4,0,Yes
West,Life,Agent,1872.15,76,1,1,Yes
West,Health,Agent,1191.51,94,5,1,Yes
North,Auto,Branch,2162.95,36,1,0,Yes
West,Health,Branch,1226.18,112,1,1,No
West,Health,Agent,1226.76,24,1,0,No
East,Health,Agent,2114.94,108,5,0,No
West,Health,Branch,1584.58,4,0,1,Yes
West,Life,Branch,1279.19,3,2,1,Yes
South,Home,Online,1437.95,10,2,0,No
North,Home,Branch,2041.23,95,4,0,No
South,Auto,Online,2086.48,31,2,0,Yes
North,Health,Agent,1173.28,54,5,1,Yes
North,Home,Agent,1483.03,57,4,1,No
North,Home,Agent,1536.06,94,4,1,No
East,Health,Online,1105.5,42,4,0,Yes
East,Home,Branch,1477.73,1,0,0,No
East,Home,Online,1502.13,46,2,0,Yes
East,Home,Online,1956.08,35,3,0,Yes
East,Home,Branch,1982.97,87,1,0,No
East,Auto,Branch,1368.32,90,0,1,No
North,Life,Online,1414.42,11,0,0,No
West,Auto,Branch,1765.72,95,4,0,No
South,Home,Branch,1265.92,9,3,1,No
North,Health,Online,1735.46,74,1,1,Yes
West,Auto,Agent,1464.84,47,4,1,Yes
East,Health,Agent,1112.24,36,4,0,No
North,Health,Online,1117.27,58,4,0,No
North,Health,Online,2078.82,37,5,1,No
North,Home,Online,1437.43,95,5,1,No
South,Auto,Online,2156.14,116,1,0,Yes
North,Life,Agent,1294.55,98,4,1,Yes
East,Home,Agent,1616.48,53,2,0,No
East,Life,Online,2457.07,60,2,0,No
West,Auto,Online,1077.05,54,3,0,Yes
East,Auto,Online,740.87,95,3,1,Yes
East,Life,Branch,2014.64,66,2,0,No
East,Life,Online,1169.28,56,5,1,Yes
North,Life,Branch,1491.72,49,1,0,Yes
North,Life,Agent,1265.63,45,0,0,No
East,Auto,Branch,1607.27,66,0,1,No
North,Life,Agent,1119.79,82,4,1,No
North,Health,Online,1428.02,52,2,0,No
North,Auto,Agent,1679.93,96,2,0,Yes
West,Auto,Online,1096.68,99,3,0,No
South,Life,Online,1219.97,52,2,0,Yes
East,Home,Online,1361.05,109,3,0,Yes
South,Life,Online,928.47,21,0,1,No
North,Auto,Online,1330.98,111,0,0,No
South,Home,Online,1547.52,35,5,1,No
North,Home,Branch,1340.18,68,2,1,Yes
West,Home,Agent,1391.45,34,1,1,No
North,Health,Agent,1492.04,53,2,1,No
South,Life,Branch,1237.7,41,2,1,No
West,Life,Online,1776.43,84,1,0,No
East,Health,Agent,2074.39,10,1,0,Yes
South,Auto,Branch,1314.25,100,4,1,No
East,Life,Agent,1694.08,108,0,0,No
West,Health,Agent,1404.15,67,1,1,No
South,Health,Online,1646.19,66,2,1,No
East,Health,Online,2126.31,84,3,1,No
West,Life,Online,1703.46,24,5,0,Yes
East,Life,Online,790.63,90,5,0,Yes
South,Health,Branch,1681.6,27,1,0,No
North,Health,Agent,1993.15,81,3,0,No
North,Health,Agent,1411.36,37,0,0,No
West,Home,Branch,1898.25,89,3,0,Yes
East,Home,Online,1223.95,95,0,0,No
South,Health,Online,905.78,25,0,1,No
South,Auto,Agent,1556.47,74,4,1,No
East,Home,Branch,797.41,60,1,1,Yes
East,Health,Agent,1404.09,35,2,0,No
East,Life,Branch,2014.74,71,0,0,Yes
South,Health,Online,736.09,119,4,1,No
East,Home,Branch,988.2,1,4,0,Yes
South,Home,Online,1087.19,114,3,0,Yes
West,Health,Online,1474.67,102,5,1,Yes
North,Health,Agent,1353.71,63,2,1,No
North,Auto,Online,2059.65,73,1,1,No
South,Health,Branch,1881.74,44,0,0,No
East,Home,Branch,1698.11,16,1,0,No
East,Health,Agent,1558.25,69,1,0,No
South,Life,Online,1657.29,98,1,1,No
West,Life,Online,1155.21,28,1,0,No
South,Health,Agent,1842.88,86,3,0,Yes
North,Home,Agent,1055.18,90,0,0,No
North,Home,Branch,1834.15,91,3,0,No
West,Auto,Agent,1974.46,41,2,0,No
North,Life,Online,1584.35,47,4,1,Yes
West,Life,Online,1429.51,50,3,1,No
South,Life,Branch,1660.12,102,5,1,Yes
North,Home,Online,355.39,108,2,0,Yes
South,Home,Branch,1620.9,50,1,1,No
East,Life,Online,1454.66,116,3,1,No
South,Health,Branch,1479.75,68,3,0,No
West,Health,Branch,1782.61,46,2,1,Yes
East,Home,Agent,1470.09,1,3,0,No
South,Home,Online,1043.92,73,2,1,No
East,Health,Branch,1443.44,77,1,0,No
West,Life,Online,1527.02,116,1,0,No
South,Home,Agent,1545.97,86,5,0,Yes
North,Life,Branch,1564.77,4,4,1,No
South,Auto,Branch,1915.75,68,0,0,No
West,Home,Online,1065.59,89,5,1,No
North,Life,Branch,1570.28,60,4,0,No
West,Life,Online,2015.97,52,0,1,No
East,Life,Branch,806.16,97,4,0,No
East,Home,Agent,1571.86,73,3,0,No
South,Life,Online,1265.85,82,5,0,Yes
West,Life,Agent,1351.72,56,2,0,Yes
North,Life,Online,1138.08,34,3,0,No
South,Auto,Branch,1432.18,62,1,0,No
South,Health,Online,2236.5,115,1,1,No
South,Life,Online,994.23,72,3,0,No
South,Life,Agent,1032.16,85,4,0,No
North,Auto,Branch,979.23,15,5,0,Yes
North,Life,Agent,2190.97,118,4,1,Yes
North,Auto,Agent,1315.06,30,3,0,No
East,Home,Agent,1489.74,116,3,1,No
South,Health,Branch,1338.89,54,2,0,No
East,Home,Agent,1122.23,110,4,1,No
East,Health,Branch,1405.94,107,1,0,No
East,Auto,Branch,2483.3,90,1,0,No
East,Health,Branch,2056.83,110,5,1,No
East,Health,Branch,1158.82,73,3,0,Yes
East,Health,Branch,1759.03,102,2,0,No
East,Home,Online,1167.39,21,5,1,No
East,Home,Branch,789.45,9,5,0,Yes
South,Home,Branch,1907.8,65,1,1,No
North,Home,Online,1964.04,97,3,0,No
West,Health,Branch,1918.42,92,2,0,No
South,Home,Online,1312.05,63,4,0,No
East,Home,Agent,1433.29,62,5,0,Yes
North,Home,Branch,1799.91,73,3,0,Yes
South,Auto,Online,1656.6,104,4,1,Yes
East,Health,Agent,1342.55,101,3,1,No
East,Life,Branch,852.37,14,5,0,No
East,Home,Agent,1545.55,71,2,1,No
South,Life,Branch,1931.6,46,2,1,No
West,Health,Online,1020.96,96,2,1,Yes
East,Auto,Branch,1755.5,61,5,0,Yes
West,Home,Branch,1632.62,118,3,1,Yes
East,Auto,Branch,1800.06,52,0,0,No
East,Auto,Online,1848.79,81,0,1,Yes
West,Home,Branch,1222.21,13,3,1,Yes
North,Home,Agent,853.22,111,4,0,No
West,Life,Agent,1286.59,19,2,0,No
West,Auto,Agent,1855.65,46,3,0,Yes
East,Life,Agent,1283.2,100,4,1,Yes
East,Auto,Agent,1222.38,116,3,1,No
East,Auto,Agent,771.46,58,5,0,No
South,Health,Online,2201.06,58,3,0,Yes
West,Life,Branch,1830.29,6,4,0,No
North,Health,Online,1807.96,117,4,0,No
South,Auto,Online,1887.09,2,3,1,Yes
East,Auto,Agent,1730.68,4,0,0,Yes
West,Home,Agent,1402.27,57,2,0,Yes
South,Home,Agent,1434.49,1,0,1,Yes
South,Life,Branch,1328.97,20,3,0,Yes
North,Home,Online,2553.9,75,0,1,No
North,Auto,Online,1722.36,84,3,1,Yes
North,Life,Agent,1314.48,36,2,0,No
North,Auto,Branch,1686.2,95,0,1,No
West,Auto,Agent,1095.65,73,0,1,Yes
West,Home,Agent,2101.8,28,3,1,Yes
West,Home,Agent,1235.57,85,0,0,No
North,Health,Branch,1700.43,71,5,0,No
North,Life,Agent,1926.39,97,4,0,No
South,Life,Branch,1653.91,19,4,0,Yes
East,Home,Branch,1537.79,28,1,0,Yes
South,Life,Online,1504.32,37,4,1,Yes
South,Health,Online,1477.42,41,3,1,No
North,Auto,Branch,1269.32,106,2,0,No
East,Life,Online,1320.21,88,0,0,No
South,Auto,Agent,2091.84,65,3,0,Yes
North,Health,Online,1456.59,65,4,0,Yes
East,Life,Agent,1185.68,106,0,1,No
West,Auto,Online,1293.48,54,0,0,Yes
North,Home,Agent,1940.15,27,2,0,No
South,Home,Branch,1770.24,17,3,1,No
West,Life,Branch,1724.13,40,2,0,No
East,Auto,Branch,1396.99,78,2,0,Yes
West,Health,Online,1729.34,57,1,0,No
South,Home,Agent,1242.58,51,0,1,No
South,Auto,Online,1396.15,58,0,0,Yes
East,Health,Branch,1887.92,117,0,1,Yes
North,Life,Branch,1849.71,119,4,1,No
North,Health,Online,1107.24,20,4,0,Yes
East,Auto,Agent,1157.79,14,2,1,Yes
East,Auto,Agent,1543.48,30,0,1,Yes
North,Home,Agent,2190.45,102,2,0,Yes
East,Health,Agent,733.77,55,5,1,No
South,Health,Online,1611.33,103,1,0,No
East,Auto,Agent,949.58,77,2,0,Yes
West,Health,Agent,1246.27,66,3,1,No
North,Home,Branch,1354.23,34,1,0,Yes
West,Health,Branch,1331.8,41,2,0,Yes
South,Life,Branch,1286.48,18,2,0,Yes
West,Health,Online,1502.88,62,2,0,No
South,Auto,Branch,1285.9,34,4,1,No
South,Life,Agent,915.02,35,3,1,Yes
West,Auto,Agent,1811.95,5,0,0,Yes
East,Life,Branch,1801.15,96,0,1,No
North,Auto,Branch,1837.27,112,2,0,Yes
East,Health,Online,883.71,60,5,0,No
West,Auto,Agent,1619.57,64,0,1,Yes
South,Auto,Branch,1770.39,111,0,1,No
West,Health,Agent,1087.52,61,4,0,No
East,Health,Online,1503.67,75,2,0,No
South,Auto,Agent,1453.49,51,1,1,No
North,Life,Branch,2236.86,62,1,1,Yes
East,Home,Online,2269.8,63,3,0,No
North,Home,Branch,834.26,85,3,1,Yes
West,Home,Branch,2497.57,72,3,1,No
East,Home,Branch,1133.91,60,1,1,No
South,Auto,Online,1892.27,10,3,0,Yes
North,Home,Online,1888.2,108,5,1,No
East,Auto,Agent,1101.72,106,1,1,Yes
North,Auto,Agent,1697.31,22,2,1,Yes
South,Home,Agent,1456.99,35,0,0,No
West,Health,Branch,1721.73,116,3,0,No
West,Life,Branch,1592.27,39,0,1,No
West,Home,Online,1978.54,97,1,0,No
West,Home,Branch,1530.16,94,4,1,No
East,Life,Online,1432.85,103,0,1,No
North,Health,Agent,1938.43,2,5,0,Yes
West,Life,Online,1732.16,58,2,1,No
West,Life,Agent,1792.73,68,2,1,Yes
West,Life,Branch,1234.17,100,3,0,No
East,Life,Agent,1081.89,27,3,1,Yes
North,Home,Branch,1272.91,37,2,1,Yes
East,Home,Online,1251.67,22,5,0,No
South,Home,Agent,1814.48,91,5,1,No
West,Auto,Agent,1890.39,119,1,0,No
South,Health,Branch,1437.95,17,4,0,No
South,Health,Branch,2072.37,28,1,1,Yes
North,Life,Agent,2047.39,37,5,0,Yes
West,Auto,Online,1597.36,106,1,0,Yes
West,Home,Agent,1171.24,54,1,0,No
North,Auto,Online,2130.15,34,4,1,Yes
South,Life,Agent,1475.59,39,4,0,No
South,Home,Online,1550.47,72,0,1,Yes
South,Auto,Agent,1364.16,47,3,0,No
West,Health,Online,1144.08,17,2,0,No
North,Life,Online,912.54,98,3,0,No
South,Life,Online,1753.15,51,3,0,Yes
North,Auto,Branch,1186.64,31,5,0,No
North,Home,Branch,2723.81,87,5,1,Yes
West,Auto,Branch,1065.57,89,3,0,Yes
West,Home,Online,997.05,19,4,1,Yes
North,Health,Agent,1704.06,9,5,1,Yes
East,Home,Branch,2111.73,6,1,1,No
North,Auto,Agent,1525.84,92,4,0,Yes
North,Health,Online,1728.9,75,4,1,No
South,Auto,Online,762.58,95,0,1,No
North,Auto,Online,1229.0,75,5,1,No
South,Auto,Branch,1070.55,48,4,1,Yes
West,Auto,Online,741.98,71,2,0,Yes
East,Home,Branch,1546.79,86,2,1,Yes
East,Life,Branch,602.87,48,2,0,No
South,Life,Branch,971.12,109,5,1,Yes
North,Auto,Branch,1285.12,108,5,1,Yes
North,Auto,Online,1167.49,96,4,1,Yes
South,Home,Branch,1658.56,119,3,0,No
North,Health,Online,1622.23,47,0,0,No
West,Health,Online,1857.52,14,5,1,No
West,Life,Online,1800.95,58,0,1,Yes
West,Home,Online,1956.33,89,1,0,No
East,Auto,Online,1499.23,93,0,0,No
East,Auto,Online,1621.39,47,5,0,Yes
East,Auto,Online,1704.61,35,2,1,Yes
South,Auto,Agent,1556.66,54,1,0,No
East,Life,Online,1341.12,96,0,0,No
West,Home,Online,1367.02,8,2,1,Yes
West,Life,Branch,1172.98,40,4,0,No
East,Health,Online,1668.65,28,5,1,Yes
North,Health,Online,1462.39,96,3,0,Yes
East,Home,Online,1234.73,56,3,1,Yes
South,Life,Online,1235.1,11,5,1,Yes
East,Auto,Agent,1015.84,32,5,1,Yes
East,Auto,Branch,1891.54,6,1,0,No
West,Home,Branch,1531.45,57,5,0,Yes
South,Home,Agent,1154.88,119,3,0,No
West,Health,Online,1823.42,68,5,1,Yes
West,Health,Branch,1275.82,104,0,0,No
South,Health,Online,937.4,89,0,0,No
South,Home,Agent,1908.49,106,5,0,Yes
East,Home,Agent,1285.16,38,4,1,Yes
West,Life,Branch,1336.44,114,1,1,No
East,Auto,Online,1516.47,29,5,1,No
West,Health,Agent,1957.04,53,0,1,No
South,Health,Agent,1508.01,82,4,1,Yes
East,Life,Agent,1020.35,35,1,0,No
South,Health,Branch,1717.55,32,0,0,Yes
West,Home,Branch,1306.0,16,4,0,Yes
South,Home,Agent,2255.17,1,5,0,No
East,Home,Agent,1499.55,60,0,0,No
North,Home,Branch,605.99,118,0,0,No
West,Auto,Agent,1642.95,27,3,0,No
South,Health,Online,2277.84,53,0,0,Yes
South,Auto,Agent,2130.37,112,4,1,Yes
East,Health,Online,2232.38,92,5,1,Yes
South,Life,Online,1092.1,1,4,1,Yes
West,Life,Agent,1864.86,60,1,0,No
East,Auto,Branch,1211.2,18,1,0,No
East,Life,Branch,1589.72,30,4,1,No
North,Auto,Online,990.82,30,0,1,Yes
North,Home,Agent,1242.22,73,3,0,No
South,Auto,Online,1229.5,24,2,0,No
West,Auto,Branch,1859.42,30,4,0,No
West,Auto,Online,1820.29,27,1,1,Yes
East,Auto,Branch,1610.73,43,4,0,Yes
East,Life,Branch,959.83,79,4,1,No
South,Auto,Branch,1375.34,48,1,0,No
North,Home,Online,1201.55,39,2,1,No
North,Health,Branch,1847.87,62,0,1,No
South,Life,Branch,1971.27,74,2,1,No
South,Life,Agent,1922.55,2,1,0,Yes
North,Auto,Branch,1197.91,106,0,1,No
South,Life,Branch,404.19,110,3,1,Yes
North,Health,Online,793.22,72,3,0,Yes
East,Auto,Branch,2068.65,69,0,0,No
West,Home,Branch,1339.5,83,1,0,No
East,Life,Online,1199.71,53,0,0,No
South,Home,Online,2157.06,44,4,0,No
South,Auto,Branch,2006.06,42,2,1,No
South,Life,Online,1509.78,20,0,1,No
North,Life,Agent,1382.64,101,1,1,No
East,Life,Branch,1447.16,39,5,1,Yes
East,Life,Agent,1590.87,34,1,1,No
North,Life,Branch,2140.02,115,4,1,Yes
South,Home,Online,1668.99,61,2,0,Yes
South,Auto,Online,1790.41,74,1,1,Yes
North,Health,Branch,1967.71,30,1,0,No
East,Auto,Agent,1032.13,34,0,0,No
East,Home,Online,1801.94,87,4,0,No
East,Health,Online,1382.17,54,2,1,No
East,Life,Agent,493.56,18,2,0,No
West,Home,Agent,648.73,100,0,1,Yes
West,Home,Online,1092.75,48,4,1,No
East,Health,Agent,1712.49,80,1,0,No
