experiment,seed,fold,sample_index,prediction,positive_class,top_contributions,expected_value
boosting_suite_catboost_baseline,42,-1,19,24.506692623545526,regression,"[('date', 0.035691903226137356)]",24.471000720319388
boosting_suite_catboost_baseline,42,-1,42,24.506692623545526,regression,"[('date', 0.035691903226137356)]",24.471000720319388
boosting_suite_catboost_baseline,42,-1,153,24.506692623545526,regression,"[('date', 0.035691903226137356)]",24.471000720319388
boosting_suite_catboost_baseline,42,-1,78,24.506692623545526,regression,"[('date', 0.035691903226137356)]",24.471000720319388
boosting_suite_catboost_baseline,42,-1,145,24.506692623545526,regression,"[('date', 0.035691903226137356)]",24.471000720319388
boosting_suite_catboost_baseline,42,-1,19,24.437451522405322,regression,"[('date', -0.052521709080224355)]",24.489973231485546
boosting_suite_catboost_baseline,42,-1,42,22.563417865689736,regression,"[('date', -1.92655536579581)]",24.489973231485546
boosting_suite_catboost_baseline,42,-1,153,26.206225379644415,regression,"[('date', 1.716252148158869)]",24.489973231485546
boosting_suite_catboost_baseline,42,-1,78,23.67802562438913,regression,"[('date', -0.8119476070964176)]",24.489973231485546
boosting_suite_catboost_baseline,42,-1,145,27.83262193953792,regression,"[('date', 3.342648708052373)]",24.489973231485546
boosting_suite_catboost_baseline,42,-1,19,24.550837041323877,regression,"[('date', -0.02878873362070067)]",24.579625774944578
boosting_suite_catboost_baseline,42,-1,42,22.50863678915951,regression,"[('date', -2.0709889857850676)]",24.579625774944578
boosting_suite_catboost_baseline,42,-1,153,26.254086480616092,regression,"[('date', 1.674460705671514)]",24.579625774944578
boosting_suite_catboost_baseline,42,-1,78,23.632857007914996,regression,"[('date', -0.9467687670295817)]",24.579625774944578
boosting_suite_catboost_baseline,42,-1,145,27.890041047660606,regression,"[('date', 3.3104152727160283)]",24.579625774944578
boosting_suite_catboost_baseline,42,-1,19,24.481646438436975,regression,"[('date', -0.027015510095949935)]",24.508661948532925
boosting_suite_catboost_baseline,42,-1,42,22.59725095978979,regression,"[('date', -1.9114109887431354)]",24.508661948532925
boosting_suite_catboost_baseline,42,-1,153,26.164157877432487,regression,"[('date', 1.6554959288995619)]",24.508661948532925
boosting_suite_catboost_baseline,42,-1,78,23.724878123258225,regression,"[('date', -0.7837838252746998)]",24.508661948532925
boosting_suite_catboost_baseline,42,-1,145,27.789476503341238,regression,"[('date', 3.2808145548083125)]",24.508661948532925
boosting_suite_catboost_baseline,42,-1,19,24.183759894552892,regression,"[('date', -0.049297393962689284)]",24.23305728851558
boosting_suite_catboost_baseline,42,-1,42,22.584748651057964,regression,"[('date', -1.6483086374576175)]",24.23305728851558
boosting_suite_catboost_baseline,42,-1,153,26.128485436988907,regression,"[('date', 1.895428148473325)]",24.23305728851558
boosting_suite_catboost_baseline,42,-1,78,23.688945517166616,regression,"[('date', -0.544111771348966)]",24.23305728851558
boosting_suite_catboost_baseline,42,-1,145,27.774149501957957,regression,"[('date', 3.5410922134423757)]",24.23305728851558
boosting_suite_catboost_baseline,77,-1,67,24.458774389658863,regression,"[('date', 0.05684880505447509)]",24.40192558460439
boosting_suite_catboost_baseline,77,-1,26,24.458774389658863,regression,"[('date', 0.05684880505447509)]",24.40192558460439
boosting_suite_catboost_baseline,77,-1,13,24.458774389658863,regression,"[('date', 0.05684880505447509)]",24.40192558460439
boosting_suite_catboost_baseline,77,-1,48,24.458774389658863,regression,"[('date', 0.05684880505447509)]",24.40192558460439
boosting_suite_catboost_baseline,77,-1,110,24.458774389658863,regression,"[('date', 0.05684880505447509)]",24.40192558460439
boosting_suite_catboost_baseline,77,-1,67,24.211551907291486,regression,"[('date', -0.11197247289651813)]",24.323524380188005
boosting_suite_catboost_baseline,77,-1,26,21.891460294084517,regression,"[('date', -2.4320640861034875)]",24.323524380188005
boosting_suite_catboost_baseline,77,-1,13,24.198176947565145,regression,"[('date', -0.12534743262285986)]",24.323524380188005
boosting_suite_catboost_baseline,77,-1,48,24.187239232671445,regression,"[('date', -0.13628514751655985)]",24.323524380188005
boosting_suite_catboost_baseline,77,-1,110,24.49695787296793,regression,"[('date', 0.1734334927799246)]",24.323524380188005
boosting_suite_catboost_baseline,77,-1,67,24.526152451252035,regression,"[('date', 0.032245351722711035)]",24.493907099529324
boosting_suite_catboost_baseline,77,-1,26,21.89889186667364,regression,"[('date', -2.5950152328556833)]",24.493907099529324
boosting_suite_catboost_baseline,77,-1,13,24.526152451252035,regression,"[('date', 0.032245351722711035)]",24.493907099529324
boosting_suite_catboost_baseline,77,-1,48,24.526152451252035,regression,"[('date', 0.032245351722711035)]",24.493907099529324
boosting_suite_catboost_baseline,77,-1,110,24.580975128237487,regression,"[('date', 0.08706802870816333)]",24.493907099529324
boosting_suite_catboost_baseline,77,-1,67,24.709952629789754,regression,"[('date', 0.007728028925029662)]",24.702224600864724
boosting_suite_catboost_baseline,77,-1,26,21.881723743775936,regression,"[('date', -2.8205008570887884)]",24.702224600864724
boosting_suite_catboost_baseline,77,-1,13,24.662422541609104,regression,"[('date', -0.03980205925562075)]",24.702224600864724
boosting_suite_catboost_baseline,77,-1,48,24.672218310735087,regression,"[('date', -0.030006290129637847)]",24.702224600864724
boosting_suite_catboost_baseline,77,-1,110,24.72927412540396,regression,"[('date', 0.027049524539236813)]",24.702224600864724
boosting_suite_catboost_baseline,77,-1,67,24.274923757617238,regression,"[('date', -0.07759945108369948)]",24.352523208700937
boosting_suite_catboost_baseline,77,-1,26,21.87132956560973,regression,"[('date', -2.4811936430912063)]",24.352523208700937
boosting_suite_catboost_baseline,77,-1,13,24.247078008701003,regression,"[('date', -0.1054451999999344)]",24.352523208700937
boosting_suite_catboost_baseline,77,-1,48,24.23824414819537,regression,"[('date', -0.11427906050556658)]",24.352523208700937
boosting_suite_catboost_baseline,77,-1,110,24.541400545094568,regression,"[('date', 0.1888773363936309)]",24.352523208700937
boosting_suite_lightgbm_baseline,42,-1,19,24.46163927184211,regression,"[('date', -7.105427357601002e-15)]",24.461639271842117
boosting_suite_lightgbm_baseline,42,-1,42,24.46163927184211,regression,"[('date', -7.105427357601002e-15)]",24.461639271842117
boosting_suite_lightgbm_baseline,42,-1,153,24.46163927184211,regression,"[('date', -7.105427357601002e-15)]",24.461639271842117
boosting_suite_lightgbm_baseline,42,-1,78,24.46163927184211,regression,"[('date', -7.105427357601002e-15)]",24.461639271842117
boosting_suite_lightgbm_baseline,42,-1,145,24.46163927184211,regression,"[('date', -7.105427357601002e-15)]",24.461639271842117
boosting_suite_lightgbm_baseline,42,-1,19,24.496916227870518,regression,"[('date', 3.552713678800501e-15)]",24.496916227870514
boosting_suite_lightgbm_baseline,42,-1,42,24.496916227870518,regression,"[('date', 3.552713678800501e-15)]",24.496916227870514
boosting_suite_lightgbm_baseline,42,-1,153,24.496916227870518,regression,"[('date', 3.552713678800501e-15)]",24.496916227870514
boosting_suite_lightgbm_baseline,42,-1,78,24.496916227870518,regression,"[('date', 3.552713678800501e-15)]",24.496916227870514
boosting_suite_lightgbm_baseline,42,-1,145,24.496916227870518,regression,"[('date', 3.552713678800501e-15)]",24.496916227870514
boosting_suite_lightgbm_baseline,42,-1,19,24.578902350531685,regression,"[('date', 3.552713678800501e-15)]",24.57890235053168
boosting_suite_lightgbm_baseline,42,-1,42,24.578902350531685,regression,"[('date', 3.552713678800501e-15)]",24.57890235053168
boosting_suite_lightgbm_baseline,42,-1,153,24.578902350531685,regression,"[('date', 3.552713678800501e-15)]",24.57890235053168
boosting_suite_lightgbm_baseline,42,-1,78,24.578902350531685,regression,"[('date', 3.552713678800501e-15)]",24.57890235053168
boosting_suite_lightgbm_baseline,42,-1,145,24.578902350531685,regression,"[('date', 3.552713678800501e-15)]",24.57890235053168
boosting_suite_lightgbm_baseline,42,-1,19,24.505035241444904,regression,"[('date', 0.0)]",24.505035241444904
boosting_suite_lightgbm_baseline,42,-1,42,24.505035241444904,regression,"[('date', 0.0)]",24.505035241444904
boosting_suite_lightgbm_baseline,42,-1,153,24.505035241444904,regression,"[('date', 0.0)]",24.505035241444904
boosting_suite_lightgbm_baseline,42,-1,78,24.505035241444904,regression,"[('date', 0.0)]",24.505035241444904
boosting_suite_lightgbm_baseline,42,-1,145,24.505035241444904,regression,"[('date', 0.0)]",24.505035241444904
boosting_suite_lightgbm_baseline,42,-1,19,24.25482764508989,regression,"[('date', 3.552713678800501e-15)]",24.254827645089886
boosting_suite_lightgbm_baseline,42,-1,42,24.25482764508989,regression,"[('date', 3.552713678800501e-15)]",24.254827645089886
boosting_suite_lightgbm_baseline,42,-1,153,24.25482764508989,regression,"[('date', 3.552713678800501e-15)]",24.254827645089886
boosting_suite_lightgbm_baseline,42,-1,78,24.25482764508989,regression,"[('date', 3.552713678800501e-15)]",24.254827645089886
boosting_suite_lightgbm_baseline,42,-1,145,24.25482764508989,regression,"[('date', 3.552713678800501e-15)]",24.254827645089886
boosting_suite_lightgbm_baseline,77,-1,67,24.38869223329756,regression,"[('date', 7.105427357601002e-15)]",24.388692233297554
boosting_suite_lightgbm_baseline,77,-1,26,24.38869223329756,regression,"[('date', 7.105427357601002e-15)]",24.388692233297554
boosting_suite_lightgbm_baseline,77,-1,13,24.38869223329756,regression,"[('date', 7.105427357601002e-15)]",24.388692233297554
boosting_suite_lightgbm_baseline,77,-1,48,24.38869223329756,regression,"[('date', 7.105427357601002e-15)]",24.388692233297554
boosting_suite_lightgbm_baseline,77,-1,110,24.38869223329756,regression,"[('date', 7.105427357601002e-15)]",24.388692233297554
boosting_suite_lightgbm_baseline,77,-1,67,24.355793807241653,regression,"[('date', -7.105427357601002e-15)]",24.35579380724166
boosting_suite_lightgbm_baseline,77,-1,26,24.355793807241653,regression,"[('date', -7.105427357601002e-15)]",24.35579380724166
boosting_suite_lightgbm_baseline,77,-1,13,24.355793807241653,regression,"[('date', -7.105427357601002e-15)]",24.35579380724166
boosting_suite_lightgbm_baseline,77,-1,48,24.355793807241653,regression,"[('date', -7.105427357601002e-15)]",24.35579380724166
boosting_suite_lightgbm_baseline,77,-1,110,24.355793807241653,regression,"[('date', -7.105427357601002e-15)]",24.35579380724166
boosting_suite_lightgbm_baseline,77,-1,67,24.480207231309677,regression,"[('date', -7.105427357601002e-15)]",24.480207231309684
boosting_suite_lightgbm_baseline,77,-1,26,24.480207231309677,regression,"[('date', -7.105427357601002e-15)]",24.480207231309684
boosting_suite_lightgbm_baseline,77,-1,13,24.480207231309677,regression,"[('date', -7.105427357601002e-15)]",24.480207231309684
boosting_suite_lightgbm_baseline,77,-1,48,24.480207231309677,regression,"[('date', -7.105427357601002e-15)]",24.480207231309684
boosting_suite_lightgbm_baseline,77,-1,110,24.480207231309677,regression,"[('date', -7.105427357601002e-15)]",24.480207231309684
boosting_suite_lightgbm_baseline,77,-1,67,24.699735323588055,regression,"[('date', 3.552713678800501e-15)]",24.69973532358805
boosting_suite_lightgbm_baseline,77,-1,26,24.699735323588055,regression,"[('date', 3.552713678800501e-15)]",24.69973532358805
boosting_suite_lightgbm_baseline,77,-1,13,24.699735323588055,regression,"[('date', 3.552713678800501e-15)]",24.69973532358805
boosting_suite_lightgbm_baseline,77,-1,48,24.699735323588055,regression,"[('date', 3.552713678800501e-15)]",24.69973532358805
boosting_suite_lightgbm_baseline,77,-1,110,24.699735323588055,regression,"[('date', 3.552713678800501e-15)]",24.69973532358805
boosting_suite_lightgbm_baseline,77,-1,67,24.372892141342163,regression,"[('date', 7.105427357601002e-15)]",24.372892141342156
boosting_suite_lightgbm_baseline,77,-1,26,24.372892141342163,regression,"[('date', 7.105427357601002e-15)]",24.372892141342156
boosting_suite_lightgbm_baseline,77,-1,13,24.372892141342163,regression,"[('date', 7.105427357601002e-15)]",24.372892141342156
boosting_suite_lightgbm_baseline,77,-1,48,24.372892141342163,regression,"[('date', 7.105427357601002e-15)]",24.372892141342156
boosting_suite_lightgbm_baseline,77,-1,110,24.372892141342163,regression,"[('date', 7.105427357601002e-15)]",24.372892141342156
boosting_suite_xgboost_baseline,42,-1,19,24.47252655029297,regression,"[('date', 0.020188808441158557)]",24.45233774185181
boosting_suite_xgboost_baseline,42,-1,42,24.47252655029297,regression,"[('date', 0.020188808441158557)]",24.45233774185181
boosting_suite_xgboost_baseline,42,-1,153,24.47252655029297,regression,"[('date', 0.020188808441158557)]",24.45233774185181
boosting_suite_xgboost_baseline,42,-1,78,24.47252655029297,regression,"[('date', 0.020188808441158557)]",24.45233774185181
boosting_suite_xgboost_baseline,42,-1,145,24.47252655029297,regression,"[('date', 0.020188808441158557)]",24.45233774185181
boosting_suite_xgboost_baseline,42,-1,19,24.44196891784668,regression,"[('date', -0.03253436618381045)]",24.47450328403049
boosting_suite_xgboost_baseline,42,-1,42,22.390413284301758,regression,"[('date', -2.0840899997287323)]",24.47450328403049
boosting_suite_xgboost_baseline,42,-1,153,26.35049819946289,regression,"[('date', 1.8759949154324005)]",24.47450328403049
boosting_suite_xgboost_baseline,42,-1,78,23.520584106445312,regression,"[('date', -0.9539191775851776)]",24.47450328403049
boosting_suite_xgboost_baseline,42,-1,145,27.957021713256836,regression,"[('date', 3.482518429226346)]",24.47450328403049
boosting_suite_xgboost_baseline,42,-1,19,24.534639358520508,regression,"[('date', -0.027329593234590277)]",24.561968951755098
boosting_suite_xgboost_baseline,42,-1,42,22.35965919494629,regression,"[('date', -2.202309756808809)]",24.561968951755098
boosting_suite_xgboost_baseline,42,-1,153,26.371631622314453,regression,"[('date', 1.809662670559355)]",24.561968951755098
boosting_suite_xgboost_baseline,42,-1,78,23.47798728942871,regression,"[('date', -1.0839816623263872)]",24.561968951755098
boosting_suite_xgboost_baseline,42,-1,145,28.02947425842285,regression,"[('date', 3.4675053066677535)]",24.561968951755098
boosting_suite_xgboost_baseline,42,-1,19,24.45046615600586,regression,"[('date', -0.0313464694552934)]",24.481812625461153
boosting_suite_xgboost_baseline,42,-1,42,22.438405990600586,regression,"[('date', -2.043406634860567)]",24.481812625461153
boosting_suite_xgboost_baseline,42,-1,153,26.302213668823242,regression,"[('date', 1.8204010433620894)]",24.481812625461153
boosting_suite_xgboost_baseline,42,-1,78,23.533620834350586,regression,"[('date', -0.9481917911105668)]",24.481812625461153
boosting_suite_xgboost_baseline,42,-1,145,27.91254997253418,regression,"[('date', 3.430737347073027)]",24.481812625461153
boosting_suite_xgboost_baseline,42,-1,19,24.181316375732422,regression,"[('date', -0.039448165893553266)]",24.220764541625975
boosting_suite_xgboost_baseline,42,-1,42,22.422428131103516,regression,"[('date', -1.7983364105224595)]",24.220764541625975
boosting_suite_xgboost_baseline,42,-1,153,26.257705688476562,regression,"[('date', 2.0369411468505874)]",24.220764541625975
boosting_suite_xgboost_baseline,42,-1,78,23.534635543823242,regression,"[('date', -0.686128997802733)]",24.220764541625975
boosting_suite_xgboost_baseline,42,-1,145,27.87224006652832,regression,"[('date', 3.651475524902345)]",24.220764541625975
boosting_suite_xgboost_baseline,77,-1,67,24.49378204345703,regression,"[('date', 0.06874204211764834)]",24.425040001339383
boosting_suite_xgboost_baseline,77,-1,26,24.49378204345703,regression,"[('date', 0.06874204211764834)]",24.425040001339383
boosting_suite_xgboost_baseline,77,-1,13,24.49378204345703,regression,"[('date', 0.06874204211764834)]",24.425040001339383
boosting_suite_xgboost_baseline,77,-1,48,24.49378204345703,regression,"[('date', 0.06874204211764834)]",24.425040001339383
boosting_suite_xgboost_baseline,77,-1,110,24.49378204345703,regression,"[('date', 0.06874204211764834)]",24.425040001339383
boosting_suite_xgboost_baseline,77,-1,67,24.227251052856445,regression,"[('date', -0.10995256635877837)]",24.337203619215224
boosting_suite_xgboost_baseline,77,-1,26,21.74522590637207,regression,"[('date', -2.5919777128431534)]",24.337203619215224
boosting_suite_xgboost_baseline,77,-1,13,24.227251052856445,regression,"[('date', -0.10995256635877837)]",24.337203619215224
boosting_suite_xgboost_baseline,77,-1,48,24.227251052856445,regression,"[('date', -0.10995256635877837)]",24.337203619215224
boosting_suite_xgboost_baseline,77,-1,110,24.67448616027832,regression,"[('date', 0.33728254106309663)]",24.337203619215224
boosting_suite_xgboost_baseline,77,-1,67,24.53215980529785,regression,"[('date', 0.027785364786783617)]",24.504374440511068
boosting_suite_xgboost_baseline,77,-1,26,21.76807975769043,regression,"[('date', -2.7362946828206383)]",24.504374440511068
boosting_suite_xgboost_baseline,77,-1,13,24.53215980529785,regression,"[('date', 0.027785364786783617)]",24.504374440511068
boosting_suite_xgboost_baseline,77,-1,48,24.53215980529785,regression,"[('date', 0.027785364786783617)]",24.504374440511068
boosting_suite_xgboost_baseline,77,-1,110,24.658527374267578,regression,"[('date', 0.15415293375651018)]",24.504374440511068
boosting_suite_xgboost_baseline,77,-1,67,24.70585060119629,regression,"[('date', 0.0076559914482956515)]",24.698194609747993
boosting_suite_xgboost_baseline,77,-1,26,21.738542556762695,regression,"[('date', -2.959652052985298)]",24.698194609747993
boosting_suite_xgboost_baseline,77,-1,13,24.70585060119629,regression,"[('date', 0.0076559914482956515)]",24.698194609747993
boosting_suite_xgboost_baseline,77,-1,48,24.629560470581055,regression,"[('date', -0.06863413916693872)]",24.698194609747993
boosting_suite_xgboost_baseline,77,-1,110,24.70585060119629,regression,"[('date', 0.0076559914482956515)]",24.698194609747993
boosting_suite_xgboost_baseline,77,-1,67,24.287691116333008,regression,"[('date', -0.06875920825534365)]",24.35645032458835
boosting_suite_xgboost_baseline,77,-1,26,21.70789337158203,regression,"[('date', -2.64855695300632)]",24.35645032458835
boosting_suite_xgboost_baseline,77,-1,13,24.287691116333008,regression,"[('date', -0.06875920825534365)]",24.35645032458835
boosting_suite_xgboost_baseline,77,-1,48,24.287691116333008,regression,"[('date', -0.06875920825534365)]",24.35645032458835
boosting_suite_xgboost_baseline,77,-1,110,24.6798038482666,regression,"[('date', 0.3233535236782501)]",24.35645032458835
feature_ablation_catboost_baseline,42,-1,19,24.506692623545526,regression,"[('date', 0.035691903226137356)]",24.471000720319388
feature_ablation_catboost_baseline,42,-1,42,24.506692623545526,regression,"[('date', 0.035691903226137356)]",24.471000720319388
feature_ablation_catboost_baseline,42,-1,153,24.506692623545526,regression,"[('date', 0.035691903226137356)]",24.471000720319388
feature_ablation_catboost_baseline,42,-1,78,24.506692623545526,regression,"[('date', 0.035691903226137356)]",24.471000720319388
feature_ablation_catboost_baseline,42,-1,145,24.506692623545526,regression,"[('date', 0.035691903226137356)]",24.471000720319388
feature_ablation_catboost_baseline,42,-1,19,24.437451522405322,regression,"[('date', -0.052521709080224355)]",24.489973231485546
feature_ablation_catboost_baseline,42,-1,42,22.563417865689736,regression,"[('date', -1.92655536579581)]",24.489973231485546
feature_ablation_catboost_baseline,42,-1,153,26.206225379644415,regression,"[('date', 1.716252148158869)]",24.489973231485546
feature_ablation_catboost_baseline,42,-1,78,23.67802562438913,regression,"[('date', -0.8119476070964176)]",24.489973231485546
feature_ablation_catboost_baseline,42,-1,145,27.83262193953792,regression,"[('date', 3.342648708052373)]",24.489973231485546
feature_ablation_catboost_baseline,42,-1,19,24.550837041323877,regression,"[('date', -0.02878873362070067)]",24.579625774944578
feature_ablation_catboost_baseline,42,-1,42,22.50863678915951,regression,"[('date', -2.0709889857850676)]",24.579625774944578
feature_ablation_catboost_baseline,42,-1,153,26.254086480616092,regression,"[('date', 1.674460705671514)]",24.579625774944578
feature_ablation_catboost_baseline,42,-1,78,23.632857007914996,regression,"[('date', -0.9467687670295817)]",24.579625774944578
feature_ablation_catboost_baseline,42,-1,145,27.890041047660606,regression,"[('date', 3.3104152727160283)]",24.579625774944578
feature_ablation_catboost_baseline,42,-1,19,24.481646438436975,regression,"[('date', -0.027015510095949935)]",24.508661948532925
feature_ablation_catboost_baseline,42,-1,42,22.59725095978979,regression,"[('date', -1.9114109887431354)]",24.508661948532925
feature_ablation_catboost_baseline,42,-1,153,26.164157877432487,regression,"[('date', 1.6554959288995619)]",24.508661948532925
feature_ablation_catboost_baseline,42,-1,78,23.724878123258225,regression,"[('date', -0.7837838252746998)]",24.508661948532925
feature_ablation_catboost_baseline,42,-1,145,27.789476503341238,regression,"[('date', 3.2808145548083125)]",24.508661948532925
feature_ablation_catboost_baseline,42,-1,19,24.183759894552892,regression,"[('date', -0.049297393962689284)]",24.23305728851558
feature_ablation_catboost_baseline,42,-1,42,22.584748651057964,regression,"[('date', -1.6483086374576175)]",24.23305728851558
feature_ablation_catboost_baseline,42,-1,153,26.128485436988907,regression,"[('date', 1.895428148473325)]",24.23305728851558
feature_ablation_catboost_baseline,42,-1,78,23.688945517166616,regression,"[('date', -0.544111771348966)]",24.23305728851558
feature_ablation_catboost_baseline,42,-1,145,27.774149501957957,regression,"[('date', 3.5410922134423757)]",24.23305728851558
feature_ablation_catboost_no_scaling,42,-1,19,24.506692623545526,regression,"[('date', 0.035691903226137356)]",24.471000720319388
feature_ablation_catboost_no_scaling,42,-1,42,24.506692623545526,regression,"[('date', 0.035691903226137356)]",24.471000720319388
feature_ablation_catboost_no_scaling,42,-1,153,24.506692623545526,regression,"[('date', 0.035691903226137356)]",24.471000720319388
feature_ablation_catboost_no_scaling,42,-1,78,24.506692623545526,regression,"[('date', 0.035691903226137356)]",24.471000720319388
feature_ablation_catboost_no_scaling,42,-1,145,24.506692623545526,regression,"[('date', 0.035691903226137356)]",24.471000720319388
feature_ablation_catboost_no_scaling,42,-1,19,24.437451522405322,regression,"[('date', -0.052521709080224355)]",24.489973231485546
feature_ablation_catboost_no_scaling,42,-1,42,22.563417865689736,regression,"[('date', -1.92655536579581)]",24.489973231485546
feature_ablation_catboost_no_scaling,42,-1,153,26.206225379644415,regression,"[('date', 1.716252148158869)]",24.489973231485546
feature_ablation_catboost_no_scaling,42,-1,78,23.67802562438913,regression,"[('date', -0.8119476070964176)]",24.489973231485546
feature_ablation_catboost_no_scaling,42,-1,145,27.83262193953792,regression,"[('date', 3.342648708052373)]",24.489973231485546
feature_ablation_catboost_no_scaling,42,-1,19,24.550837041323877,regression,"[('date', -0.02878873362070067)]",24.579625774944578
feature_ablation_catboost_no_scaling,42,-1,42,22.50863678915951,regression,"[('date', -2.0709889857850676)]",24.579625774944578
feature_ablation_catboost_no_scaling,42,-1,153,26.254086480616092,regression,"[('date', 1.674460705671514)]",24.579625774944578
feature_ablation_catboost_no_scaling,42,-1,78,23.632857007914996,regression,"[('date', -0.9467687670295817)]",24.579625774944578
feature_ablation_catboost_no_scaling,42,-1,145,27.890041047660606,regression,"[('date', 3.3104152727160283)]",24.579625774944578
feature_ablation_catboost_no_scaling,42,-1,19,24.481646438436975,regression,"[('date', -0.027015510095949935)]",24.508661948532925
feature_ablation_catboost_no_scaling,42,-1,42,22.59725095978979,regression,"[('date', -1.9114109887431354)]",24.508661948532925
feature_ablation_catboost_no_scaling,42,-1,153,26.164157877432487,regression,"[('date', 1.6554959288995619)]",24.508661948532925
feature_ablation_catboost_no_scaling,42,-1,78,23.724878123258225,regression,"[('date', -0.7837838252746998)]",24.508661948532925
feature_ablation_catboost_no_scaling,42,-1,145,27.789476503341238,regression,"[('date', 3.2808145548083125)]",24.508661948532925
feature_ablation_catboost_no_scaling,42,-1,19,24.183759894552892,regression,"[('date', -0.049297393962689284)]",24.23305728851558
feature_ablation_catboost_no_scaling,42,-1,42,22.584748651057964,regression,"[('date', -1.6483086374576175)]",24.23305728851558
feature_ablation_catboost_no_scaling,42,-1,153,26.128485436988907,regression,"[('date', 1.895428148473325)]",24.23305728851558
feature_ablation_catboost_no_scaling,42,-1,78,23.688945517166616,regression,"[('date', -0.544111771348966)]",24.23305728851558
feature_ablation_catboost_no_scaling,42,-1,145,27.774149501957957,regression,"[('date', 3.5410922134423757)]",24.23305728851558
feature_ablation_catboost_poly2,42,-1,19,24.506692623545526,regression,"[('date', 0.035691903226137356)]",24.471000720319388
feature_ablation_catboost_poly2,42,-1,42,24.506692623545526,regression,"[('date', 0.035691903226137356)]",24.471000720319388
feature_ablation_catboost_poly2,42,-1,153,24.506692623545526,regression,"[('date', 0.035691903226137356)]",24.471000720319388
feature_ablation_catboost_poly2,42,-1,78,24.506692623545526,regression,"[('date', 0.035691903226137356)]",24.471000720319388
feature_ablation_catboost_poly2,42,-1,145,24.506692623545526,regression,"[('date', 0.035691903226137356)]",24.471000720319388
feature_ablation_catboost_poly2,42,-1,19,24.437451522405322,regression,"[('date', -0.052521709080224355)]",24.489973231485546
feature_ablation_catboost_poly2,42,-1,42,22.563417865689736,regression,"[('date', -1.92655536579581)]",24.489973231485546
feature_ablation_catboost_poly2,42,-1,153,26.206225379644415,regression,"[('date', 1.716252148158869)]",24.489973231485546
feature_ablation_catboost_poly2,42,-1,78,23.67802562438913,regression,"[('date', -0.8119476070964176)]",24.489973231485546
feature_ablation_catboost_poly2,42,-1,145,27.83262193953792,regression,"[('date', 3.342648708052373)]",24.489973231485546
feature_ablation_catboost_poly2,42,-1,19,24.550837041323877,regression,"[('date', -0.02878873362070067)]",24.579625774944578
feature_ablation_catboost_poly2,42,-1,42,22.50863678915951,regression,"[('date', -2.0709889857850676)]",24.579625774944578
feature_ablation_catboost_poly2,42,-1,153,26.254086480616092,regression,"[('date', 1.674460705671514)]",24.579625774944578
feature_ablation_catboost_poly2,42,-1,78,23.632857007914996,regression,"[('date', -0.9467687670295817)]",24.579625774944578
feature_ablation_catboost_poly2,42,-1,145,27.890041047660606,regression,"[('date', 3.3104152727160283)]",24.579625774944578
feature_ablation_catboost_poly2,42,-1,19,24.481646438436975,regression,"[('date', -0.027015510095949935)]",24.508661948532925
feature_ablation_catboost_poly2,42,-1,42,22.59725095978979,regression,"[('date', -1.9114109887431354)]",24.508661948532925
feature_ablation_catboost_poly2,42,-1,153,26.164157877432487,regression,"[('date', 1.6554959288995619)]",24.508661948532925
feature_ablation_catboost_poly2,42,-1,78,23.724878123258225,regression,"[('date', -0.7837838252746998)]",24.508661948532925
feature_ablation_catboost_poly2,42,-1,145,27.789476503341238,regression,"[('date', 3.2808145548083125)]",24.508661948532925
feature_ablation_catboost_poly2,42,-1,19,24.183759894552892,regression,"[('date', -0.049297393962689284)]",24.23305728851558
feature_ablation_catboost_poly2,42,-1,42,22.584748651057964,regression,"[('date', -1.6483086374576175)]",24.23305728851558
feature_ablation_catboost_poly2,42,-1,153,26.128485436988907,regression,"[('date', 1.895428148473325)]",24.23305728851558
feature_ablation_catboost_poly2,42,-1,78,23.688945517166616,regression,"[('date', -0.544111771348966)]",24.23305728851558
feature_ablation_catboost_poly2,42,-1,145,27.774149501957957,regression,"[('date', 3.5410922134423757)]",24.23305728851558
feature_ablation_catboost_quantile_bins,42,-1,19,24.506692623545526,regression,"[('date', 0.035691903226137356)]",24.471000720319388
feature_ablation_catboost_quantile_bins,42,-1,42,24.506692623545526,regression,"[('date', 0.035691903226137356)]",24.471000720319388
feature_ablation_catboost_quantile_bins,42,-1,153,24.506692623545526,regression,"[('date', 0.035691903226137356)]",24.471000720319388
feature_ablation_catboost_quantile_bins,42,-1,78,24.506692623545526,regression,"[('date', 0.035691903226137356)]",24.471000720319388
feature_ablation_catboost_quantile_bins,42,-1,145,24.506692623545526,regression,"[('date', 0.035691903226137356)]",24.471000720319388
feature_ablation_catboost_quantile_bins,42,-1,19,24.437451522405322,regression,"[('date', -0.052521709080224355)]",24.489973231485546
feature_ablation_catboost_quantile_bins,42,-1,42,22.563417865689736,regression,"[('date', -1.92655536579581)]",24.489973231485546
feature_ablation_catboost_quantile_bins,42,-1,153,26.206225379644415,regression,"[('date', 1.716252148158869)]",24.489973231485546
feature_ablation_catboost_quantile_bins,42,-1,78,23.67802562438913,regression,"[('date', -0.8119476070964176)]",24.489973231485546
feature_ablation_catboost_quantile_bins,42,-1,145,27.83262193953792,regression,"[('date', 3.342648708052373)]",24.489973231485546
feature_ablation_catboost_quantile_bins,42,-1,19,24.550837041323877,regression,"[('date', -0.02878873362070067)]",24.579625774944578
feature_ablation_catboost_quantile_bins,42,-1,42,22.50863678915951,regression,"[('date', -2.0709889857850676)]",24.579625774944578
feature_ablation_catboost_quantile_bins,42,-1,153,26.254086480616092,regression,"[('date', 1.674460705671514)]",24.579625774944578
feature_ablation_catboost_quantile_bins,42,-1,78,23.632857007914996,regression,"[('date', -0.9467687670295817)]",24.579625774944578
feature_ablation_catboost_quantile_bins,42,-1,145,27.890041047660606,regression,"[('date', 3.3104152727160283)]",24.579625774944578
feature_ablation_catboost_quantile_bins,42,-1,19,24.481646438436975,regression,"[('date', -0.027015510095949935)]",24.508661948532925
feature_ablation_catboost_quantile_bins,42,-1,42,22.59725095978979,regression,"[('date', -1.9114109887431354)]",24.508661948532925
feature_ablation_catboost_quantile_bins,42,-1,153,26.164157877432487,regression,"[('date', 1.6554959288995619)]",24.508661948532925
feature_ablation_catboost_quantile_bins,42,-1,78,23.724878123258225,regression,"[('date', -0.7837838252746998)]",24.508661948532925
feature_ablation_catboost_quantile_bins,42,-1,145,27.789476503341238,regression,"[('date', 3.2808145548083125)]",24.508661948532925
feature_ablation_catboost_quantile_bins,42,-1,19,24.183759894552892,regression,"[('date', -0.049297393962689284)]",24.23305728851558
feature_ablation_catboost_quantile_bins,42,-1,42,22.584748651057964,regression,"[('date', -1.6483086374576175)]",24.23305728851558
feature_ablation_catboost_quantile_bins,42,-1,153,26.128485436988907,regression,"[('date', 1.895428148473325)]",24.23305728851558
feature_ablation_catboost_quantile_bins,42,-1,78,23.688945517166616,regression,"[('date', -0.544111771348966)]",24.23305728851558
feature_ablation_catboost_quantile_bins,42,-1,145,27.774149501957957,regression,"[('date', 3.5410922134423757)]",24.23305728851558
feature_ablation_catboost_vif_filter,42,-1,19,24.506692623545526,regression,"[('date', 0.035691903226137356)]",24.471000720319388
feature_ablation_catboost_vif_filter,42,-1,42,24.506692623545526,regression,"[('date', 0.035691903226137356)]",24.471000720319388
feature_ablation_catboost_vif_filter,42,-1,153,24.506692623545526,regression,"[('date', 0.035691903226137356)]",24.471000720319388
feature_ablation_catboost_vif_filter,42,-1,78,24.506692623545526,regression,"[('date', 0.035691903226137356)]",24.471000720319388
feature_ablation_catboost_vif_filter,42,-1,145,24.506692623545526,regression,"[('date', 0.035691903226137356)]",24.471000720319388
feature_ablation_catboost_vif_filter,42,-1,19,24.437451522405322,regression,"[('date', -0.052521709080224355)]",24.489973231485546
feature_ablation_catboost_vif_filter,42,-1,42,22.563417865689736,regression,"[('date', -1.92655536579581)]",24.489973231485546
feature_ablation_catboost_vif_filter,42,-1,153,26.206225379644415,regression,"[('date', 1.716252148158869)]",24.489973231485546
feature_ablation_catboost_vif_filter,42,-1,78,23.67802562438913,regression,"[('date', -0.8119476070964176)]",24.489973231485546
feature_ablation_catboost_vif_filter,42,-1,145,27.83262193953792,regression,"[('date', 3.342648708052373)]",24.489973231485546
feature_ablation_catboost_vif_filter,42,-1,19,24.550837041323877,regression,"[('date', -0.02878873362070067)]",24.579625774944578
feature_ablation_catboost_vif_filter,42,-1,42,22.50863678915951,regression,"[('date', -2.0709889857850676)]",24.579625774944578
feature_ablation_catboost_vif_filter,42,-1,153,26.254086480616092,regression,"[('date', 1.674460705671514)]",24.579625774944578
feature_ablation_catboost_vif_filter,42,-1,78,23.632857007914996,regression,"[('date', -0.9467687670295817)]",24.579625774944578
feature_ablation_catboost_vif_filter,42,-1,145,27.890041047660606,regression,"[('date', 3.3104152727160283)]",24.579625774944578
feature_ablation_catboost_vif_filter,42,-1,19,24.481646438436975,regression,"[('date', -0.027015510095949935)]",24.508661948532925
feature_ablation_catboost_vif_filter,42,-1,42,22.59725095978979,regression,"[('date', -1.9114109887431354)]",24.508661948532925
feature_ablation_catboost_vif_filter,42,-1,153,26.164157877432487,regression,"[('date', 1.6554959288995619)]",24.508661948532925
feature_ablation_catboost_vif_filter,42,-1,78,23.724878123258225,regression,"[('date', -0.7837838252746998)]",24.508661948532925
feature_ablation_catboost_vif_filter,42,-1,145,27.789476503341238,regression,"[('date', 3.2808145548083125)]",24.508661948532925
feature_ablation_catboost_vif_filter,42,-1,19,24.183759894552892,regression,"[('date', -0.049297393962689284)]",24.23305728851558
feature_ablation_catboost_vif_filter,42,-1,42,22.584748651057964,regression,"[('date', -1.6483086374576175)]",24.23305728851558
feature_ablation_catboost_vif_filter,42,-1,153,26.128485436988907,regression,"[('date', 1.895428148473325)]",24.23305728851558
feature_ablation_catboost_vif_filter,42,-1,78,23.688945517166616,regression,"[('date', -0.544111771348966)]",24.23305728851558
feature_ablation_catboost_vif_filter,42,-1,145,27.774149501957957,regression,"[('date', 3.5410922134423757)]",24.23305728851558
feature_ablation_lightgbm_baseline,42,-1,19,24.46163927184211,regression,"[('date', -7.105427357601002e-15)]",24.461639271842117
feature_ablation_lightgbm_baseline,42,-1,42,24.46163927184211,regression,"[('date', -7.105427357601002e-15)]",24.461639271842117
feature_ablation_lightgbm_baseline,42,-1,153,24.46163927184211,regression,"[('date', -7.105427357601002e-15)]",24.461639271842117
feature_ablation_lightgbm_baseline,42,-1,78,24.46163927184211,regression,"[('date', -7.105427357601002e-15)]",24.461639271842117
feature_ablation_lightgbm_baseline,42,-1,145,24.46163927184211,regression,"[('date', -7.105427357601002e-15)]",24.461639271842117
feature_ablation_lightgbm_baseline,42,-1,19,24.496916227870518,regression,"[('date', 3.552713678800501e-15)]",24.496916227870514
feature_ablation_lightgbm_baseline,42,-1,42,24.496916227870518,regression,"[('date', 3.552713678800501e-15)]",24.496916227870514
feature_ablation_lightgbm_baseline,42,-1,153,24.496916227870518,regression,"[('date', 3.552713678800501e-15)]",24.496916227870514
feature_ablation_lightgbm_baseline,42,-1,78,24.496916227870518,regression,"[('date', 3.552713678800501e-15)]",24.496916227870514
feature_ablation_lightgbm_baseline,42,-1,145,24.496916227870518,regression,"[('date', 3.552713678800501e-15)]",24.496916227870514
feature_ablation_lightgbm_baseline,42,-1,19,24.578902350531685,regression,"[('date', 3.552713678800501e-15)]",24.57890235053168
feature_ablation_lightgbm_baseline,42,-1,42,24.578902350531685,regression,"[('date', 3.552713678800501e-15)]",24.57890235053168
feature_ablation_lightgbm_baseline,42,-1,153,24.578902350531685,regression,"[('date', 3.552713678800501e-15)]",24.57890235053168
feature_ablation_lightgbm_baseline,42,-1,78,24.578902350531685,regression,"[('date', 3.552713678800501e-15)]",24.57890235053168
feature_ablation_lightgbm_baseline,42,-1,145,24.578902350531685,regression,"[('date', 3.552713678800501e-15)]",24.57890235053168
feature_ablation_lightgbm_baseline,42,-1,19,24.505035241444904,regression,"[('date', 0.0)]",24.505035241444904
feature_ablation_lightgbm_baseline,42,-1,42,24.505035241444904,regression,"[('date', 0.0)]",24.505035241444904
feature_ablation_lightgbm_baseline,42,-1,153,24.505035241444904,regression,"[('date', 0.0)]",24.505035241444904
feature_ablation_lightgbm_baseline,42,-1,78,24.505035241444904,regression,"[('date', 0.0)]",24.505035241444904
feature_ablation_lightgbm_baseline,42,-1,145,24.505035241444904,regression,"[('date', 0.0)]",24.505035241444904
feature_ablation_lightgbm_baseline,42,-1,19,24.25482764508989,regression,"[('date', 3.552713678800501e-15)]",24.254827645089886
feature_ablation_lightgbm_baseline,42,-1,42,24.25482764508989,regression,"[('date', 3.552713678800501e-15)]",24.254827645089886
feature_ablation_lightgbm_baseline,42,-1,153,24.25482764508989,regression,"[('date', 3.552713678800501e-15)]",24.254827645089886
feature_ablation_lightgbm_baseline,42,-1,78,24.25482764508989,regression,"[('date', 3.552713678800501e-15)]",24.254827645089886
feature_ablation_lightgbm_baseline,42,-1,145,24.25482764508989,regression,"[('date', 3.552713678800501e-15)]",24.254827645089886
feature_ablation_lightgbm_no_scaling,42,-1,19,24.46163927184211,regression,"[('date', -7.105427357601002e-15)]",24.461639271842117
feature_ablation_lightgbm_no_scaling,42,-1,42,24.46163927184211,regression,"[('date', -7.105427357601002e-15)]",24.461639271842117
feature_ablation_lightgbm_no_scaling,42,-1,153,24.46163927184211,regression,"[('date', -7.105427357601002e-15)]",24.461639271842117
feature_ablation_lightgbm_no_scaling,42,-1,78,24.46163927184211,regression,"[('date', -7.105427357601002e-15)]",24.461639271842117
feature_ablation_lightgbm_no_scaling,42,-1,145,24.46163927184211,regression,"[('date', -7.105427357601002e-15)]",24.461639271842117
feature_ablation_lightgbm_no_scaling,42,-1,19,24.496916227870518,regression,"[('date', 3.552713678800501e-15)]",24.496916227870514
feature_ablation_lightgbm_no_scaling,42,-1,42,24.496916227870518,regression,"[('date', 3.552713678800501e-15)]",24.496916227870514
feature_ablation_lightgbm_no_scaling,42,-1,153,24.496916227870518,regression,"[('date', 3.552713678800501e-15)]",24.496916227870514
feature_ablation_lightgbm_no_scaling,42,-1,78,24.496916227870518,regression,"[('date', 3.552713678800501e-15)]",24.496916227870514
feature_ablation_lightgbm_no_scaling,42,-1,145,24.496916227870518,regression,"[('date', 3.552713678800501e-15)]",24.496916227870514
feature_ablation_lightgbm_no_scaling,42,-1,19,24.578902350531685,regression,"[('date', 3.552713678800501e-15)]",24.57890235053168
feature_ablation_lightgbm_no_scaling,42,-1,42,24.578902350531685,regression,"[('date', 3.552713678800501e-15)]",24.57890235053168
feature_ablation_lightgbm_no_scaling,42,-1,153,24.578902350531685,regression,"[('date', 3.552713678800501e-15)]",24.57890235053168
feature_ablation_lightgbm_no_scaling,42,-1,78,24.578902350531685,regression,"[('date', 3.552713678800501e-15)]",24.57890235053168
feature_ablation_lightgbm_no_scaling,42,-1,145,24.578902350531685,regression,"[('date', 3.552713678800501e-15)]",24.57890235053168
feature_ablation_lightgbm_no_scaling,42,-1,19,24.505035241444904,regression,"[('date', 0.0)]",24.505035241444904
feature_ablation_lightgbm_no_scaling,42,-1,42,24.505035241444904,regression,"[('date', 0.0)]",24.505035241444904
feature_ablation_lightgbm_no_scaling,42,-1,153,24.505035241444904,regression,"[('date', 0.0)]",24.505035241444904
feature_ablation_lightgbm_no_scaling,42,-1,78,24.505035241444904,regression,"[('date', 0.0)]",24.505035241444904
feature_ablation_lightgbm_no_scaling,42,-1,145,24.505035241444904,regression,"[('date', 0.0)]",24.505035241444904
feature_ablation_lightgbm_no_scaling,42,-1,19,24.25482764508989,regression,"[('date', 3.552713678800501e-15)]",24.254827645089886
feature_ablation_lightgbm_no_scaling,42,-1,42,24.25482764508989,regression,"[('date', 3.552713678800501e-15)]",24.254827645089886
feature_ablation_lightgbm_no_scaling,42,-1,153,24.25482764508989,regression,"[('date', 3.552713678800501e-15)]",24.254827645089886
feature_ablation_lightgbm_no_scaling,42,-1,78,24.25482764508989,regression,"[('date', 3.552713678800501e-15)]",24.254827645089886
feature_ablation_lightgbm_no_scaling,42,-1,145,24.25482764508989,regression,"[('date', 3.552713678800501e-15)]",24.254827645089886
feature_ablation_lightgbm_poly2,42,-1,19,24.46163927184211,regression,"[('date', -7.105427357601002e-15)]",24.461639271842117
feature_ablation_lightgbm_poly2,42,-1,42,24.46163927184211,regression,"[('date', -7.105427357601002e-15)]",24.461639271842117
feature_ablation_lightgbm_poly2,42,-1,153,24.46163927184211,regression,"[('date', -7.105427357601002e-15)]",24.461639271842117
feature_ablation_lightgbm_poly2,42,-1,78,24.46163927184211,regression,"[('date', -7.105427357601002e-15)]",24.461639271842117
feature_ablation_lightgbm_poly2,42,-1,145,24.46163927184211,regression,"[('date', -7.105427357601002e-15)]",24.461639271842117
feature_ablation_lightgbm_poly2,42,-1,19,24.496916227870518,regression,"[('date', 3.552713678800501e-15)]",24.496916227870514
feature_ablation_lightgbm_poly2,42,-1,42,24.496916227870518,regression,"[('date', 3.552713678800501e-15)]",24.496916227870514
feature_ablation_lightgbm_poly2,42,-1,153,24.496916227870518,regression,"[('date', 3.552713678800501e-15)]",24.496916227870514
feature_ablation_lightgbm_poly2,42,-1,78,24.496916227870518,regression,"[('date', 3.552713678800501e-15)]",24.496916227870514
feature_ablation_lightgbm_poly2,42,-1,145,24.496916227870518,regression,"[('date', 3.552713678800501e-15)]",24.496916227870514
feature_ablation_lightgbm_poly2,42,-1,19,24.578902350531685,regression,"[('date', 3.552713678800501e-15)]",24.57890235053168
feature_ablation_lightgbm_poly2,42,-1,42,24.578902350531685,regression,"[('date', 3.552713678800501e-15)]",24.57890235053168
feature_ablation_lightgbm_poly2,42,-1,153,24.578902350531685,regression,"[('date', 3.552713678800501e-15)]",24.57890235053168
feature_ablation_lightgbm_poly2,42,-1,78,24.578902350531685,regression,"[('date', 3.552713678800501e-15)]",24.57890235053168
feature_ablation_lightgbm_poly2,42,-1,145,24.578902350531685,regression,"[('date', 3.552713678800501e-15)]",24.57890235053168
feature_ablation_lightgbm_poly2,42,-1,19,24.505035241444904,regression,"[('date', 0.0)]",24.505035241444904
feature_ablation_lightgbm_poly2,42,-1,42,24.505035241444904,regression,"[('date', 0.0)]",24.505035241444904
feature_ablation_lightgbm_poly2,42,-1,153,24.505035241444904,regression,"[('date', 0.0)]",24.505035241444904
feature_ablation_lightgbm_poly2,42,-1,78,24.505035241444904,regression,"[('date', 0.0)]",24.505035241444904
feature_ablation_lightgbm_poly2,42,-1,145,24.505035241444904,regression,"[('date', 0.0)]",24.505035241444904
feature_ablation_lightgbm_poly2,42,-1,19,24.25482764508989,regression,"[('date', 3.552713678800501e-15)]",24.254827645089886
feature_ablation_lightgbm_poly2,42,-1,42,24.25482764508989,regression,"[('date', 3.552713678800501e-15)]",24.254827645089886
feature_ablation_lightgbm_poly2,42,-1,153,24.25482764508989,regression,"[('date', 3.552713678800501e-15)]",24.254827645089886
feature_ablation_lightgbm_poly2,42,-1,78,24.25482764508989,regression,"[('date', 3.552713678800501e-15)]",24.254827645089886
feature_ablation_lightgbm_poly2,42,-1,145,24.25482764508989,regression,"[('date', 3.552713678800501e-15)]",24.254827645089886
feature_ablation_lightgbm_quantile_bins,42,-1,19,24.46163927184211,regression,"[('date', -7.105427357601002e-15)]",24.461639271842117
feature_ablation_lightgbm_quantile_bins,42,-1,42,24.46163927184211,regression,"[('date', -7.105427357601002e-15)]",24.461639271842117
feature_ablation_lightgbm_quantile_bins,42,-1,153,24.46163927184211,regression,"[('date', -7.105427357601002e-15)]",24.461639271842117
feature_ablation_lightgbm_quantile_bins,42,-1,78,24.46163927184211,regression,"[('date', -7.105427357601002e-15)]",24.461639271842117
feature_ablation_lightgbm_quantile_bins,42,-1,145,24.46163927184211,regression,"[('date', -7.105427357601002e-15)]",24.461639271842117
feature_ablation_lightgbm_quantile_bins,42,-1,19,24.496916227870518,regression,"[('date', 3.552713678800501e-15)]",24.496916227870514
feature_ablation_lightgbm_quantile_bins,42,-1,42,24.496916227870518,regression,"[('date', 3.552713678800501e-15)]",24.496916227870514
feature_ablation_lightgbm_quantile_bins,42,-1,153,24.496916227870518,regression,"[('date', 3.552713678800501e-15)]",24.496916227870514
feature_ablation_lightgbm_quantile_bins,42,-1,78,24.496916227870518,regression,"[('date', 3.552713678800501e-15)]",24.496916227870514
feature_ablation_lightgbm_quantile_bins,42,-1,145,24.496916227870518,regression,"[('date', 3.552713678800501e-15)]",24.496916227870514
feature_ablation_lightgbm_quantile_bins,42,-1,19,24.578902350531685,regression,"[('date', 3.552713678800501e-15)]",24.57890235053168
feature_ablation_lightgbm_quantile_bins,42,-1,42,24.578902350531685,regression,"[('date', 3.552713678800501e-15)]",24.57890235053168
feature_ablation_lightgbm_quantile_bins,42,-1,153,24.578902350531685,regression,"[('date', 3.552713678800501e-15)]",24.57890235053168
feature_ablation_lightgbm_quantile_bins,42,-1,78,24.578902350531685,regression,"[('date', 3.552713678800501e-15)]",24.57890235053168
feature_ablation_lightgbm_quantile_bins,42,-1,145,24.578902350531685,regression,"[('date', 3.552713678800501e-15)]",24.57890235053168
feature_ablation_lightgbm_quantile_bins,42,-1,19,24.505035241444904,regression,"[('date', 0.0)]",24.505035241444904
feature_ablation_lightgbm_quantile_bins,42,-1,42,24.505035241444904,regression,"[('date', 0.0)]",24.505035241444904
feature_ablation_lightgbm_quantile_bins,42,-1,153,24.505035241444904,regression,"[('date', 0.0)]",24.505035241444904
feature_ablation_lightgbm_quantile_bins,42,-1,78,24.505035241444904,regression,"[('date', 0.0)]",24.505035241444904
feature_ablation_lightgbm_quantile_bins,42,-1,145,24.505035241444904,regression,"[('date', 0.0)]",24.505035241444904
feature_ablation_lightgbm_quantile_bins,42,-1,19,24.25482764508989,regression,"[('date', 3.552713678800501e-15)]",24.254827645089886
feature_ablation_lightgbm_quantile_bins,42,-1,42,24.25482764508989,regression,"[('date', 3.552713678800501e-15)]",24.254827645089886
feature_ablation_lightgbm_quantile_bins,42,-1,153,24.25482764508989,regression,"[('date', 3.552713678800501e-15)]",24.254827645089886
feature_ablation_lightgbm_quantile_bins,42,-1,78,24.25482764508989,regression,"[('date', 3.552713678800501e-15)]",24.254827645089886
feature_ablation_lightgbm_quantile_bins,42,-1,145,24.25482764508989,regression,"[('date', 3.552713678800501e-15)]",24.254827645089886
feature_ablation_lightgbm_vif_filter,42,-1,19,24.46163927184211,regression,"[('date', -7.105427357601002e-15)]",24.461639271842117
feature_ablation_lightgbm_vif_filter,42,-1,42,24.46163927184211,regression,"[('date', -7.105427357601002e-15)]",24.461639271842117
feature_ablation_lightgbm_vif_filter,42,-1,153,24.46163927184211,regression,"[('date', -7.105427357601002e-15)]",24.461639271842117
feature_ablation_lightgbm_vif_filter,42,-1,78,24.46163927184211,regression,"[('date', -7.105427357601002e-15)]",24.461639271842117
feature_ablation_lightgbm_vif_filter,42,-1,145,24.46163927184211,regression,"[('date', -7.105427357601002e-15)]",24.461639271842117
feature_ablation_lightgbm_vif_filter,42,-1,19,24.496916227870518,regression,"[('date', 3.552713678800501e-15)]",24.496916227870514
feature_ablation_lightgbm_vif_filter,42,-1,42,24.496916227870518,regression,"[('date', 3.552713678800501e-15)]",24.496916227870514
feature_ablation_lightgbm_vif_filter,42,-1,153,24.496916227870518,regression,"[('date', 3.552713678800501e-15)]",24.496916227870514
feature_ablation_lightgbm_vif_filter,42,-1,78,24.496916227870518,regression,"[('date', 3.552713678800501e-15)]",24.496916227870514
feature_ablation_lightgbm_vif_filter,42,-1,145,24.496916227870518,regression,"[('date', 3.552713678800501e-15)]",24.496916227870514
feature_ablation_lightgbm_vif_filter,42,-1,19,24.578902350531685,regression,"[('date', 3.552713678800501e-15)]",24.57890235053168
feature_ablation_lightgbm_vif_filter,42,-1,42,24.578902350531685,regression,"[('date', 3.552713678800501e-15)]",24.57890235053168
feature_ablation_lightgbm_vif_filter,42,-1,153,24.578902350531685,regression,"[('date', 3.552713678800501e-15)]",24.57890235053168
feature_ablation_lightgbm_vif_filter,42,-1,78,24.578902350531685,regression,"[('date', 3.552713678800501e-15)]",24.57890235053168
feature_ablation_lightgbm_vif_filter,42,-1,145,24.578902350531685,regression,"[('date', 3.552713678800501e-15)]",24.57890235053168
feature_ablation_lightgbm_vif_filter,42,-1,19,24.505035241444904,regression,"[('date', 0.0)]",24.505035241444904
feature_ablation_lightgbm_vif_filter,42,-1,42,24.505035241444904,regression,"[('date', 0.0)]",24.505035241444904
feature_ablation_lightgbm_vif_filter,42,-1,153,24.505035241444904,regression,"[('date', 0.0)]",24.505035241444904
feature_ablation_lightgbm_vif_filter,42,-1,78,24.505035241444904,regression,"[('date', 0.0)]",24.505035241444904
feature_ablation_lightgbm_vif_filter,42,-1,145,24.505035241444904,regression,"[('date', 0.0)]",24.505035241444904
feature_ablation_lightgbm_vif_filter,42,-1,19,24.25482764508989,regression,"[('date', 3.552713678800501e-15)]",24.254827645089886
feature_ablation_lightgbm_vif_filter,42,-1,42,24.25482764508989,regression,"[('date', 3.552713678800501e-15)]",24.254827645089886
feature_ablation_lightgbm_vif_filter,42,-1,153,24.25482764508989,regression,"[('date', 3.552713678800501e-15)]",24.254827645089886
feature_ablation_lightgbm_vif_filter,42,-1,78,24.25482764508989,regression,"[('date', 3.552713678800501e-15)]",24.254827645089886
feature_ablation_lightgbm_vif_filter,42,-1,145,24.25482764508989,regression,"[('date', 3.552713678800501e-15)]",24.254827645089886
feature_ablation_xgboost_baseline,42,-1,19,24.47252655029297,regression,"[('date', 0.020188808441158557)]",24.45233774185181
feature_ablation_xgboost_baseline,42,-1,42,24.47252655029297,regression,"[('date', 0.020188808441158557)]",24.45233774185181
feature_ablation_xgboost_baseline,42,-1,153,24.47252655029297,regression,"[('date', 0.020188808441158557)]",24.45233774185181
feature_ablation_xgboost_baseline,42,-1,78,24.47252655029297,regression,"[('date', 0.020188808441158557)]",24.45233774185181
feature_ablation_xgboost_baseline,42,-1,145,24.47252655029297,regression,"[('date', 0.020188808441158557)]",24.45233774185181
feature_ablation_xgboost_baseline,42,-1,19,24.44196891784668,regression,"[('date', -0.03253436618381045)]",24.47450328403049
feature_ablation_xgboost_baseline,42,-1,42,22.390413284301758,regression,"[('date', -2.0840899997287323)]",24.47450328403049
feature_ablation_xgboost_baseline,42,-1,153,26.35049819946289,regression,"[('date', 1.8759949154324005)]",24.47450328403049
feature_ablation_xgboost_baseline,42,-1,78,23.520584106445312,regression,"[('date', -0.9539191775851776)]",24.47450328403049
feature_ablation_xgboost_baseline,42,-1,145,27.957021713256836,regression,"[('date', 3.482518429226346)]",24.47450328403049
feature_ablation_xgboost_baseline,42,-1,19,24.534639358520508,regression,"[('date', -0.027329593234590277)]",24.561968951755098
feature_ablation_xgboost_baseline,42,-1,42,22.35965919494629,regression,"[('date', -2.202309756808809)]",24.561968951755098
feature_ablation_xgboost_baseline,42,-1,153,26.371631622314453,regression,"[('date', 1.809662670559355)]",24.561968951755098
feature_ablation_xgboost_baseline,42,-1,78,23.47798728942871,regression,"[('date', -1.0839816623263872)]",24.561968951755098
feature_ablation_xgboost_baseline,42,-1,145,28.02947425842285,regression,"[('date', 3.4675053066677535)]",24.561968951755098
feature_ablation_xgboost_baseline,42,-1,19,24.45046615600586,regression,"[('date', -0.0313464694552934)]",24.481812625461153
feature_ablation_xgboost_baseline,42,-1,42,22.438405990600586,regression,"[('date', -2.043406634860567)]",24.481812625461153
feature_ablation_xgboost_baseline,42,-1,153,26.302213668823242,regression,"[('date', 1.8204010433620894)]",24.481812625461153
feature_ablation_xgboost_baseline,42,-1,78,23.533620834350586,regression,"[('date', -0.9481917911105668)]",24.481812625461153
feature_ablation_xgboost_baseline,42,-1,145,27.91254997253418,regression,"[('date', 3.430737347073027)]",24.481812625461153
feature_ablation_xgboost_baseline,42,-1,19,24.181316375732422,regression,"[('date', -0.039448165893553266)]",24.220764541625975
feature_ablation_xgboost_baseline,42,-1,42,22.422428131103516,regression,"[('date', -1.7983364105224595)]",24.220764541625975
feature_ablation_xgboost_baseline,42,-1,153,26.257705688476562,regression,"[('date', 2.0369411468505874)]",24.220764541625975
feature_ablation_xgboost_baseline,42,-1,78,23.534635543823242,regression,"[('date', -0.686128997802733)]",24.220764541625975
feature_ablation_xgboost_baseline,42,-1,145,27.87224006652832,regression,"[('date', 3.651475524902345)]",24.220764541625975
feature_ablation_xgboost_no_scaling,42,-1,19,24.47252655029297,regression,"[('date', 0.020188808441158557)]",24.45233774185181
feature_ablation_xgboost_no_scaling,42,-1,42,24.47252655029297,regression,"[('date', 0.020188808441158557)]",24.45233774185181
feature_ablation_xgboost_no_scaling,42,-1,153,24.47252655029297,regression,"[('date', 0.020188808441158557)]",24.45233774185181
feature_ablation_xgboost_no_scaling,42,-1,78,24.47252655029297,regression,"[('date', 0.020188808441158557)]",24.45233774185181
feature_ablation_xgboost_no_scaling,42,-1,145,24.47252655029297,regression,"[('date', 0.020188808441158557)]",24.45233774185181
feature_ablation_xgboost_no_scaling,42,-1,19,24.44196891784668,regression,"[('date', -0.03253436618381045)]",24.47450328403049
feature_ablation_xgboost_no_scaling,42,-1,42,22.390413284301758,regression,"[('date', -2.0840899997287323)]",24.47450328403049
feature_ablation_xgboost_no_scaling,42,-1,153,26.35049819946289,regression,"[('date', 1.8759949154324005)]",24.47450328403049
feature_ablation_xgboost_no_scaling,42,-1,78,23.520584106445312,regression,"[('date', -0.9539191775851776)]",24.47450328403049
feature_ablation_xgboost_no_scaling,42,-1,145,27.957021713256836,regression,"[('date', 3.482518429226346)]",24.47450328403049
feature_ablation_xgboost_no_scaling,42,-1,19,24.534639358520508,regression,"[('date', -0.027329593234590277)]",24.561968951755098
feature_ablation_xgboost_no_scaling,42,-1,42,22.35965919494629,regression,"[('date', -2.202309756808809)]",24.561968951755098
feature_ablation_xgboost_no_scaling,42,-1,153,26.371631622314453,regression,"[('date', 1.809662670559355)]",24.561968951755098
feature_ablation_xgboost_no_scaling,42,-1,78,23.47798728942871,regression,"[('date', -1.0839816623263872)]",24.561968951755098
feature_ablation_xgboost_no_scaling,42,-1,145,28.02947425842285,regression,"[('date', 3.4675053066677535)]",24.561968951755098
feature_ablation_xgboost_no_scaling,42,-1,19,24.45046615600586,regression,"[('date', -0.0313464694552934)]",24.481812625461153
feature_ablation_xgboost_no_scaling,42,-1,42,22.438405990600586,regression,"[('date', -2.043406634860567)]",24.481812625461153
feature_ablation_xgboost_no_scaling,42,-1,153,26.302213668823242,regression,"[('date', 1.8204010433620894)]",24.481812625461153
feature_ablation_xgboost_no_scaling,42,-1,78,23.533620834350586,regression,"[('date', -0.9481917911105668)]",24.481812625461153
feature_ablation_xgboost_no_scaling,42,-1,145,27.91254997253418,regression,"[('date', 3.430737347073027)]",24.481812625461153
feature_ablation_xgboost_no_scaling,42,-1,19,24.181316375732422,regression,"[('date', -0.039448165893553266)]",24.220764541625975
feature_ablation_xgboost_no_scaling,42,-1,42,22.422428131103516,regression,"[('date', -1.7983364105224595)]",24.220764541625975
feature_ablation_xgboost_no_scaling,42,-1,153,26.257705688476562,regression,"[('date', 2.0369411468505874)]",24.220764541625975
feature_ablation_xgboost_no_scaling,42,-1,78,23.534635543823242,regression,"[('date', -0.686128997802733)]",24.220764541625975
feature_ablation_xgboost_no_scaling,42,-1,145,27.87224006652832,regression,"[('date', 3.651475524902345)]",24.220764541625975
feature_ablation_xgboost_poly2,42,-1,19,24.47252655029297,regression,"[('date', 0.020188808441158557)]",24.45233774185181
feature_ablation_xgboost_poly2,42,-1,42,24.47252655029297,regression,"[('date', 0.020188808441158557)]",24.45233774185181
feature_ablation_xgboost_poly2,42,-1,153,24.47252655029297,regression,"[('date', 0.020188808441158557)]",24.45233774185181
feature_ablation_xgboost_poly2,42,-1,78,24.47252655029297,regression,"[('date', 0.020188808441158557)]",24.45233774185181
feature_ablation_xgboost_poly2,42,-1,145,24.47252655029297,regression,"[('date', 0.020188808441158557)]",24.45233774185181
feature_ablation_xgboost_poly2,42,-1,19,24.44196891784668,regression,"[('date', -0.03253436618381045)]",24.47450328403049
feature_ablation_xgboost_poly2,42,-1,42,22.390413284301758,regression,"[('date', -2.0840899997287323)]",24.47450328403049
feature_ablation_xgboost_poly2,42,-1,153,26.35049819946289,regression,"[('date', 1.8759949154324005)]",24.47450328403049
feature_ablation_xgboost_poly2,42,-1,78,23.520584106445312,regression,"[('date', -0.9539191775851776)]",24.47450328403049
feature_ablation_xgboost_poly2,42,-1,145,27.957021713256836,regression,"[('date', 3.482518429226346)]",24.47450328403049
feature_ablation_xgboost_poly2,42,-1,19,24.534639358520508,regression,"[('date', -0.027329593234590277)]",24.561968951755098
feature_ablation_xgboost_poly2,42,-1,42,22.35965919494629,regression,"[('date', -2.202309756808809)]",24.561968951755098
feature_ablation_xgboost_poly2,42,-1,153,26.371631622314453,regression,"[('date', 1.809662670559355)]",24.561968951755098
feature_ablation_xgboost_poly2,42,-1,78,23.47798728942871,regression,"[('date', -1.0839816623263872)]",24.561968951755098
feature_ablation_xgboost_poly2,42,-1,145,28.02947425842285,regression,"[('date', 3.4675053066677535)]",24.561968951755098
feature_ablation_xgboost_poly2,42,-1,19,24.45046615600586,regression,"[('date', -0.0313464694552934)]",24.481812625461153
feature_ablation_xgboost_poly2,42,-1,42,22.438405990600586,regression,"[('date', -2.043406634860567)]",24.481812625461153
feature_ablation_xgboost_poly2,42,-1,153,26.302213668823242,regression,"[('date', 1.8204010433620894)]",24.481812625461153
feature_ablation_xgboost_poly2,42,-1,78,23.533620834350586,regression,"[('date', -0.9481917911105668)]",24.481812625461153
feature_ablation_xgboost_poly2,42,-1,145,27.91254997253418,regression,"[('date', 3.430737347073027)]",24.481812625461153
feature_ablation_xgboost_poly2,42,-1,19,24.181316375732422,regression,"[('date', -0.039448165893553266)]",24.220764541625975
feature_ablation_xgboost_poly2,42,-1,42,22.422428131103516,regression,"[('date', -1.7983364105224595)]",24.220764541625975
feature_ablation_xgboost_poly2,42,-1,153,26.257705688476562,regression,"[('date', 2.0369411468505874)]",24.220764541625975
feature_ablation_xgboost_poly2,42,-1,78,23.534635543823242,regression,"[('date', -0.686128997802733)]",24.220764541625975
feature_ablation_xgboost_poly2,42,-1,145,27.87224006652832,regression,"[('date', 3.651475524902345)]",24.220764541625975
feature_ablation_xgboost_quantile_bins,42,-1,19,24.47252655029297,regression,"[('date', 0.020188808441158557)]",24.45233774185181
feature_ablation_xgboost_quantile_bins,42,-1,42,24.47252655029297,regression,"[('date', 0.020188808441158557)]",24.45233774185181
feature_ablation_xgboost_quantile_bins,42,-1,153,24.47252655029297,regression,"[('date', 0.020188808441158557)]",24.45233774185181
feature_ablation_xgboost_quantile_bins,42,-1,78,24.47252655029297,regression,"[('date', 0.020188808441158557)]",24.45233774185181
feature_ablation_xgboost_quantile_bins,42,-1,145,24.47252655029297,regression,"[('date', 0.020188808441158557)]",24.45233774185181
feature_ablation_xgboost_quantile_bins,42,-1,19,24.44196891784668,regression,"[('date', -0.03253436618381045)]",24.47450328403049
feature_ablation_xgboost_quantile_bins,42,-1,42,22.390413284301758,regression,"[('date', -2.0840899997287323)]",24.47450328403049
feature_ablation_xgboost_quantile_bins,42,-1,153,26.35049819946289,regression,"[('date', 1.8759949154324005)]",24.47450328403049
feature_ablation_xgboost_quantile_bins,42,-1,78,23.520584106445312,regression,"[('date', -0.9539191775851776)]",24.47450328403049
feature_ablation_xgboost_quantile_bins,42,-1,145,27.957021713256836,regression,"[('date', 3.482518429226346)]",24.47450328403049
feature_ablation_xgboost_quantile_bins,42,-1,19,24.534639358520508,regression,"[('date', -0.027329593234590277)]",24.561968951755098
feature_ablation_xgboost_quantile_bins,42,-1,42,22.35965919494629,regression,"[('date', -2.202309756808809)]",24.561968951755098
feature_ablation_xgboost_quantile_bins,42,-1,153,26.371631622314453,regression,"[('date', 1.809662670559355)]",24.561968951755098
feature_ablation_xgboost_quantile_bins,42,-1,78,23.47798728942871,regression,"[('date', -1.0839816623263872)]",24.561968951755098
feature_ablation_xgboost_quantile_bins,42,-1,145,28.02947425842285,regression,"[('date', 3.4675053066677535)]",24.561968951755098
feature_ablation_xgboost_quantile_bins,42,-1,19,24.45046615600586,regression,"[('date', -0.0313464694552934)]",24.481812625461153
feature_ablation_xgboost_quantile_bins,42,-1,42,22.438405990600586,regression,"[('date', -2.043406634860567)]",24.481812625461153
feature_ablation_xgboost_quantile_bins,42,-1,153,26.302213668823242,regression,"[('date', 1.8204010433620894)]",24.481812625461153
feature_ablation_xgboost_quantile_bins,42,-1,78,23.533620834350586,regression,"[('date', -0.9481917911105668)]",24.481812625461153
feature_ablation_xgboost_quantile_bins,42,-1,145,27.91254997253418,regression,"[('date', 3.430737347073027)]",24.481812625461153
feature_ablation_xgboost_quantile_bins,42,-1,19,24.181316375732422,regression,"[('date', -0.039448165893553266)]",24.220764541625975
feature_ablation_xgboost_quantile_bins,42,-1,42,22.422428131103516,regression,"[('date', -1.7983364105224595)]",24.220764541625975
feature_ablation_xgboost_quantile_bins,42,-1,153,26.257705688476562,regression,"[('date', 2.0369411468505874)]",24.220764541625975
feature_ablation_xgboost_quantile_bins,42,-1,78,23.534635543823242,regression,"[('date', -0.686128997802733)]",24.220764541625975
feature_ablation_xgboost_quantile_bins,42,-1,145,27.87224006652832,regression,"[('date', 3.651475524902345)]",24.220764541625975
feature_ablation_xgboost_vif_filter,42,-1,19,24.47252655029297,regression,"[('date', 0.020188808441158557)]",24.45233774185181
feature_ablation_xgboost_vif_filter,42,-1,42,24.47252655029297,regression,"[('date', 0.020188808441158557)]",24.45233774185181
feature_ablation_xgboost_vif_filter,42,-1,153,24.47252655029297,regression,"[('date', 0.020188808441158557)]",24.45233774185181
feature_ablation_xgboost_vif_filter,42,-1,78,24.47252655029297,regression,"[('date', 0.020188808441158557)]",24.45233774185181
feature_ablation_xgboost_vif_filter,42,-1,145,24.47252655029297,regression,"[('date', 0.020188808441158557)]",24.45233774185181
feature_ablation_xgboost_vif_filter,42,-1,19,24.44196891784668,regression,"[('date', -0.03253436618381045)]",24.47450328403049
feature_ablation_xgboost_vif_filter,42,-1,42,22.390413284301758,regression,"[('date', -2.0840899997287323)]",24.47450328403049
feature_ablation_xgboost_vif_filter,42,-1,153,26.35049819946289,regression,"[('date', 1.8759949154324005)]",24.47450328403049
feature_ablation_xgboost_vif_filter,42,-1,78,23.520584106445312,regression,"[('date', -0.9539191775851776)]",24.47450328403049
feature_ablation_xgboost_vif_filter,42,-1,145,27.957021713256836,regression,"[('date', 3.482518429226346)]",24.47450328403049
feature_ablation_xgboost_vif_filter,42,-1,19,24.534639358520508,regression,"[('date', -0.027329593234590277)]",24.561968951755098
feature_ablation_xgboost_vif_filter,42,-1,42,22.35965919494629,regression,"[('date', -2.202309756808809)]",24.561968951755098
feature_ablation_xgboost_vif_filter,42,-1,153,26.371631622314453,regression,"[('date', 1.809662670559355)]",24.561968951755098
feature_ablation_xgboost_vif_filter,42,-1,78,23.47798728942871,regression,"[('date', -1.0839816623263872)]",24.561968951755098
feature_ablation_xgboost_vif_filter,42,-1,145,28.02947425842285,regression,"[('date', 3.4675053066677535)]",24.561968951755098
feature_ablation_xgboost_vif_filter,42,-1,19,24.45046615600586,regression,"[('date', -0.0313464694552934)]",24.481812625461153
feature_ablation_xgboost_vif_filter,42,-1,42,22.438405990600586,regression,"[('date', -2.043406634860567)]",24.481812625461153
feature_ablation_xgboost_vif_filter,42,-1,153,26.302213668823242,regression,"[('date', 1.8204010433620894)]",24.481812625461153
feature_ablation_xgboost_vif_filter,42,-1,78,23.533620834350586,regression,"[('date', -0.9481917911105668)]",24.481812625461153
feature_ablation_xgboost_vif_filter,42,-1,145,27.91254997253418,regression,"[('date', 3.430737347073027)]",24.481812625461153
feature_ablation_xgboost_vif_filter,42,-1,19,24.181316375732422,regression,"[('date', -0.039448165893553266)]",24.220764541625975
feature_ablation_xgboost_vif_filter,42,-1,42,22.422428131103516,regression,"[('date', -1.7983364105224595)]",24.220764541625975
feature_ablation_xgboost_vif_filter,42,-1,153,26.257705688476562,regression,"[('date', 2.0369411468505874)]",24.220764541625975
feature_ablation_xgboost_vif_filter,42,-1,78,23.534635543823242,regression,"[('date', -0.686128997802733)]",24.220764541625975
feature_ablation_xgboost_vif_filter,42,-1,145,27.87224006652832,regression,"[('date', 3.651475524902345)]",24.220764541625975
